sample_id,snapshot_status,question,reference_answer,response,scored_response,retrieved_contexts,ragas_scoring,answer_correctness,answer_relevancy,completeness,conflict_disclosure,context_precision,context_recall,evidence_consistency,faithfulness,missing_information_honesty
hw-v1-joint-vcc0v75,success,VCC0V75 电源由哪颗芯片产生，输入是什么，文档有什么配置要求？,U1800 是 TPS62872，VIN 接 VCC3V3，VOSNS 对应 VCC0V75；配置要求见 HSI 7.3 节 TPS62872 配置。,"**VCC0V75 电源由 TI 的 TPS62872 芯片产生。**  
**输入电源为 VCC3V3。**  
**文档中的配置要求包括：**  
- 使能控制：由 MCU 的 P22.0 引脚（信号 MCU_VCC0V75_EN）控制，高电平使能，低电平关断，硬件外部下拉。  
- 输出电压设置：通过 I2C 通信（MCU_SDA_P15.5、MCU_SCL_P15.4）进行配置。  
- 功能安全等级：QM(B)。  
- 要求输出电流能力大，选型 TPS62872。  

**支撑证据：**  
- 证据4（document:0eb6659a764f4d29）：“VCC3V3转VCC0V75应用于EQ6的内核供电，选型TI的方案TPS62872。用MCU的P22.0引脚使能芯片，用MCU_SDA_P15.5，MCU_SCL_P15.4引脚I2C通信来设置输出电压和通信。”  
- 证据5（document:b6943ae371d76077）：“VCC3V3 to VCC0V75…选型TI的电源方案TPS62872。用MCU的P22.0引脚使能芯片，用MCU_SDA_P15.5，MCU_SCL_P15.4引脚I2C通信来设置输出电压和通信。”  
- 证据9（document:e6627ad70c8cab97）表格中F14：“TPS62872，VCC3V3电压输入，VCC0V75电压输出”，功能安全栏标注“QM(B)”。  
- 证据10（document:7a6ae2179c8765b3）：“F14/POWER：1、电源转换芯片TPS62872，VCC3V3转VCC0V75。2、TPS62872由MCU进行使能和关断控制。”并详细说明使能信号“MCU_VCC0V75_EN”为“高：使能VCC0V75电源，低：关断VCC0V75电源”，电气特性为“HI-Z, 硬件外部下拉”。  

**缺失信息：** 无。","**VCC0V75 电源由 TI 的 TPS62872 芯片产生。**  
**输入电源为 VCC3V3。**  
**文档中的配置要求包括：**  
- 使能控制：由 MCU 的 P22.0 引脚（信号 MCU_VCC0V75_EN）控制，高电平使能，低电平关断，硬件外部下拉。  
- 输出电压设置：通过 I2C 通信（MCU_SDA_P15.5、MCU_SCL_P15.4）进行配置。  
- 功能安全等级：QM(B)。  
- 要求输出电流能力大，选型 TPS62872。  

**支撑证据：**  
- 证据4（document:0eb6659a764f4d29）：“VCC3V3转VCC0V75应用于EQ6的内核供电，选型TI的方案TPS62872。用MCU的P22.0引脚使能芯片，用MCU_SDA_P15.5，MCU_SCL_P15.4引脚I2C通信来设置输出电压和通信。”  
- 证据5（document:b6943ae371d76077）：“VCC3V3 to VCC0V75…选型TI的电源方案TPS62872。用MCU的P22.0引脚使能芯片，用MCU_SDA_P15.5，MCU_SCL_P15.4引脚I2C通信来设置输出电压和通信。”  
- 证据9（document:e6627ad70c8cab97）表格中F14：“TPS62872，VCC3V3电压输入，VCC0V75电压输出”，功能安全栏标注“QM(B)”。  
- 证据10（document:7a6ae2179c8765b3）：“F14/POWER：1、电源转换芯片TPS62872，VCC3V3转VCC0V75。2、TPS62872由MCU进行使能和关断控制。”并详细说明使能信号“MCU_VCC0V75_EN”为“高：使能VCC0V75电源，低：关断VCC0V75电源”，电气特性为“HI-Z, 硬件外部下拉”。  

**缺失信息：** 无。","[""Net MCU_VCC0V75_EN connects R1801.&1, R1806.&2, TP1807.&1, U900E.P22.0/ASCLIN6_ARXE/QSPI3_MTSRD/ASCLIN3_ATX/QSPI3_MTSR/ASCLIN6_ATX."", ""Net MCU_VCC0V75_MIPI_DDR_EN connects R1813.&2, TP1813.&1, U1804.EN, U900E.P22.1/ASCLIN7_ARXE/QSPI3_MRSTD/ASCLIN3_ATX/QSPI3_MRST/ASCLIN7_ATX."", ""Net VCC0V75 connects C1806.&1, C1807.&1, C1808.&1, C1809.&1, C1810.&1, C1813.&2, C1814.&1, C1815.&1, C1816.&1, C1817.&1, C700.&1, C701.&1, C702.&1, C703.&1, C704.&1, C705.&1, C706.&1, C708.&1, C709.&1, C710.&1, C713.&1, C714.&1, C716.&1, C717.&1, C718.&1, C720.&1, C721.&1, C722.&1, C725.&1, C726.&1, C727.&1, C728.&1, C729.&1, C730.&1, C731.&1, C732.&1, L1800.&2, R1107.&1, R1819.&2, TP1800.&1, U1800.VOSNS, U400-3.VDD_CORE1, U400-3.VDD_CORE10, U400-3.VDD_CORE11, U400-3.VDD_CORE12, U400-3.VDD_CORE13, U400-3.VDD_CORE14, U400-3.VDD_CORE15, U400-3.VDD_CORE16, U400-3.VDD_CORE17, U400-3.VDD_CORE18, U400-3.VDD_CORE19, U400-3.VDD_CORE2, U400-3.VDD_CORE20, U400-3.VDD_CORE21, U400-3.VDD_CORE22, U400-3.VDD_CORE23, U400-3.VDD_CORE24, U400-3.VDD_CORE25, U400-3.VDD_CORE26, U400-3.VDD_CORE27, U400-3.VDD_CORE28, U400-3.VDD_CORE29, U400-3.VDD_CORE30, U400-3.VDD_CORE31, U400-3.VDD_CORE32, U400-3.VDD_CORE33, U400-3.VDD_CORE4, U400-3.VDD_CORE5, U400-3.VDD_CORE6, U400-3.VDD_CORE7, U400-3.VDD_CORE8, U400-3.VDD_CORE9, U400-3.VDD_CORE34, U400-3.VDD_CORE3."", ""<table><tr><td>HM ID</td><td>F14</td></tr><tr><td>模块功能 \nModule Function</td><td>VCC3V3转VCC0V75应用于EQ6的内核供电，要求输出电流能力大，现选型TI的方案TPS62872。\nVCC3V3 to VCCOV75 is applied to the kernel power supply of EQ6, which requires large output current capacity. TI's scheme TPS62872 is selected.</td></tr><tr><td>模块框图\nModule diagram</td><td></td></tr><tr><td>模块方案\nModule solution</td><td>\t采用TPS62872电源芯片，将VCC3V3转换为VCC0V75，提供给EQ6核电供电。用MCU的P22.0引脚使能芯片，用MCU_SDA_P15.5，MCU_SCL_P15.4引脚I2C通信来设置输出电压和通信。\nTPS62872 power chip is used to convert VCC3V3 to VCCOV75, which is supplied to EQ nuclear power supply. P22.0 pin of MCU is used to enable chip, MCU_SDA_P15.5, MCU_SCL_P15.4 pin I2C communication is used to set output voltage and communication. +</td></tr></table>"", ""<table><tr><td>HM ID</td><td>F11/F12/F13/F14/F15/F16/F17/F18/F19/F25/F27</td></tr><tr><td>模块功能 \nModule Function</td><td>系统使用车载电池12V电压供电，经过EMI电路后输入至电源转换芯片，转换输出系统各模块所需电源。\nThe system uses 12V voltage power supply from the vehicle battery, which is input to the power conversion chip through the EMI circuit. Then the power conversion chip convert and output the power required by each module of the system.</td></tr><tr><td>模块框图\nModule diagram</td><td></td></tr><tr><td>模块方案\nModule solution</td><td>KL30 EMI (ASIL-B)\nKL30供电口处增加EMI电路，用于供电保护和滤波。硬件电路设计在UBD网络增加两个串联ESD电容，PCB布局靠近主连接器引脚处，用于吸收外部ESD信号，后端增加双向TVS管用于瞬态过压保护\nThe EMI circuit is added at the KL30 power supply port for power supply protection and filtering. The hardware circuit design adds two series ESD capacitors in the UBD network, the PCB layout is close to the main connector pin for absorbing external ESD signals, and the two-way TVS tube is added at the back end for transient overvoltage protection.\nKL30 to VCC3V3 (ASILB)\nKL30转VCC3V3是系统一级DC-DC，给MCU提供VCC3V3_MCU电源，所以系统要求其满足ASILB，确保MCU功能安全。\nKL30 to VCC3V3 is a system primary DC-DC chip, because the MCU needs VCC3V3_MCU power supply, so the system requires it to meet the ASILB to ensure the functional safety of the MCU.\nVCC3V3_MCU to VCC1V25_MCU(ASILB)\n3V3转1V25_MCU是使用MCU内置控制器进行控制的BUCK电源，用于MCU的核供电，功能安全需求达到ASILB，确保MCU功能安全。\n3V3 to 1V25_MCU is a BUCK power supply controlled by MCU built-in controller, which is used for MCU nuclear power supply. Functional safety requirements meet ASILB to ensure the functional safety of MCU.\nVCC3V3 to VCC0V75(QM(B))\nVCC3V3转VCC0V75应用于EQ6的内核供电，要求输出电流能力大，现选型TI的电源方案TPS62872。用MCU的P22.0引脚使能芯片，用MCU_SDA_P15.5，MCU_SCL_P15.4引脚I2C通信来设置输出电压和通信。\nVCC3V3 to VCC0V75 is applied to the core power supply of EQ6, which requires large output current capacity. The power supply scheme TPS62872 of TI is selected. P22.0 pin of MCU is used to enable the chip, and MCU_SDA_P15.5, MCU_SCL_P15.4 pin I2C communication is used to set the output voltage and communication. \nVCC3V3 to 0V75_MIPI_DDR(QM(B))\nVCC3V3转0V75_MIPI_DDR用于EQ6的IO口供电，现使用矽力杰的SA23002进行设计。用MCU的P22.1引脚使能该芯片。\nVCC3V3 to 0V75_MIPI_DDR for EQ6 IO port power supply, Silergy’s SA23002 is designed. The P22.1 pin of the MCU is used to enable the chip.\nVCC3V3转VCC1V8、VCC1V1、VCC50(QM(B))\nVCC1V8用于EQ6、CAM、DDR、FLASH供电，VCC1V1用于EQ6、DDR供电，VCC50用于CAN收发器供电，现选择LP87702 PMIC方案。用MCU的P15.3引脚使能该芯片的5V输出，用MCU_SCL_P15.4，MCU_SDA_P15.5 I2C通信来设置1.8V和1.1V输出电压和使能。\nVCC1V8 is used for EQ6, CAM, DDR, FLASH power supply, VCC1V1 is used for EQ6, DDR power supply, VCC50 is used for CAN transceiver  power supply, LP87702 PMIC scheme is selected. P15.3 pin of MCU is used to enable 5V output of the chip, and MCU_SCL_P15.4, MCU_SDA_P15.5 I2C communication is used to set 1.8V and 1.1V output voltage and enable it. \nVCC3V3 to VCC3V3_EQ(QM(B))\nVCC3V3转VCC3V3_EQ用于EQ6的IO和摄像头供电，现使用负载开关进行设计。用MCU的P20.3引脚使能该芯片。\nVCC3V3 to VCC3V3_EQ for EQ6’s IO and camera power supply, now using the load switch is designed. .The P20.3 pin of the MCU is used to enable the chip.\n\tVCC3V3 to VCC3V3_ETH(QM)\n3V3转3V3_ETH用于ETH供电，现选择负载开关方案。用MCU的P21.0引脚使能该芯片。\n3V3 to 3V3_ETH for ETH power supply, the load switch scheme is selected. . The P21.0 pin of the MCU is used to enable the chip.\n\tVCC1V8 to VCC1V8_EQ(QM(B))\nVCC1V8转VCC1V8_EQ用于EQ供电，现选择负载开关方案。用MCU的P20.0引脚使能该芯片。\nVCC1V8 to VCC1V8_EQ for EQ power supply, the load switch scheme is selected. . The P20.0 pin of the MCU is used to enable the chip.</td></tr><tr><td colspan='2'></td></tr></table>"", ""<table><tr><td>HM ID</td><td>F15</td></tr><tr><td>模块功能 \nModule Function</td><td>VCC3V3转0V75_MIPI_DDR应用于EQ6的IO口供电，现使用矽力杰的SA23002进行设计。\nVCC3V3 to 0V75_MIPI_DDR for EQ6 IO port power supply, Silergy’s SA23002 is designed.</td></tr><tr><td>模块框图\nModule diagram</td><td></td></tr><tr><td>模块方案\nModule solution</td><td>采用SA23002电源芯片，将VCC3V3转换为0V75_MIPI_DDR，提供给EQ6的IO口供电。用MCU的P22.1引脚使能该芯片。\nSA23002 power chip is used to convert VCC3V3 to 0V75_MIPI_DDR to supply power to the I/O port of EQ6. The P22.1 pin of the MCU is used to enable the chip. \n</td></tr></table>"", ""\nHW Interface Component ：QM; None：F15/POWER; None：1、电源转换芯片SA23002，VCC3V3转VCC0V75_MIPI_DDR。\n2、SA23002由MCU进行使能和关断控制。; MCU Component ：F01/MCU; None：QM; None：P19; None：P22.1; None：P22.1/GTM_TIM1_IN0_8/GTM_TIM0_IN0_8/QSPI4_MRSTB/GTM_TOUT48/QSPI4_MRST/QSPI4_SCLKP; None：GPIO; None：MCU_VCC0V75_MIPI_DDR_EN; None：/; None：O; None：VCC0V75_MIPI_DDR电源使能控制信号\n高：使能VCC0V75_MIPI_DDR电源\n低：关断VCC0V75_MIPI_DDR电源; None：HI-Z, 硬件外部下拉; None：—; SW Variable Name or SW Function Name：— ——Port1\nECU Connector：X2000-54; None：SPI Communction; HW Interface Component ：B; None：F02/EYEQ6L; None：MCU_SPI0（slave）\nEQ6L_SPI0（master）\n速率：10Mbps; MCU Component ：F01/MCU; None：B; None：E20; None：P20.11; None：P20.11/GTM_TIM3_IN7_6/GTM_TIM2_IN7_6/QSPI0_SCLKA/GTM_TOUT67/QSPI0_SCLK; None：QSPI0_SCLKA; None：MCU_SPI0_CLK_P20.11; None：/; None：I; None：EQ发送SPI时钟信号到MCU\nMCU配置为内置下拉（SPI模式配置为：极性CPOL=0，相位CPHA=1）; None：HI-Z; None：—; SW Variable Name or SW Function Name：— ——Port1\nECU Connector：X2000-57; MCU Component ：F01/MCU; None：B; None：D20; None：P20.13; None：P20.13/GTM_TIM3_IN1_4/GTM_TIM2_IN1_4/QSPI0_SLSIA/GTM_TOUT69/QSPI0_SLSO2/QSPI1_SLSO2/QSPI0_SCLK; None：QSPI0_SLSIA; None：MCU_SPI0_CS_P20.13; None：/; None：I; None：EQ发送SPI片选信号到MCU\nMCU配置为内置上拉（SPI模式配置为：极性CPOL=0，相位CPHA=1）; None：HI-Z; None：—; SW Variable Name or SW Function Name：— ——Port1"", ""<table><tr><td>HM ID</td><td>F01</td></tr><tr><td>模块功能 \nModule Function</td><td>32位MCU芯片TC377最小系统模块有SAK-TC377TP-96F300S AA主控芯片和晶体、硬件配置组成，实现SAK-TC377TP-96F300S AA最小硬件系统工作单元，功能安全等级最高可达到ASIL-D，满足应用要求。\n32-bit MCU chip TC377 minimum system module has SAK-TC377TP-96F300S AA main control chip and crystal, hardware configuration, to achieve SAK-TC377TP-96F300S AA minimum hardware system work unit, functional safety level up to ASIL-D, meet the application requirements. </td></tr><tr><td>模块框图\nModule diagram</td><td></td></tr><tr><td>模块方案\nModule solution</td><td>处理器\n根据ADAS产品需求，综合评估选型为32位MCU芯片SAK-TC377TP-96F300S AA， MCU接口资源丰富，功能安全等级最高可达到ASIL-D，满足应用要求。\nProcessor \nAccording to ADAS product requirements, 32-bit MCU chip SAK-TC377TP-96F300S AA is selected through comprehensive evaluation, which has rich MCU interface resources and the highest functional safety level can reach ASIL-D to meet application requirements\n时钟设计\n硬件选型20MHz晶振给MCU提供时钟输入，由其内部PLL等电路完成倍频、分频，供其内核和各模块使用。\nClock design\nHardware selection of clock design 20MHz crystal oscillator provides clock input to MCU, and its internal PLL and other circuits complete frequency doubling and frequency division for its kernel and each module.\n复位及watchdog\n系统复位及看门狗芯片采用LP87702内部看门狗，喂狗方式为窗口喂狗，当喂狗窗口无有效喂狗次数超过OTP配置时，将触发整个系统复位。\na)\t上电时，看门狗芯片对MCU启动过程进行监控，同时对MCU的电源VCC3V3电压进行低压监控，异常时主动复位MCU。\nb)\t运行过程中由看门狗监控MCU运行状态，当MCU程序跑飞时看门狗超时触发复位信号主动复位MCU。\nReset and watchdog\nThe system reset and watchdog chip adopts LP87702 internal watchdog, and the feeding method is window feeding. When the number of effective dog feeding in the feeding window exceeds the OTP configuration, the whole system reset will be triggered. \n When powering on, the watchdog chip monitors the start-up process of MCU, and at the same time, it monitors the low voltage voltage of MCU's power supply VCC3V3, and actively resets MCU when abnormal. \n MCU running status is monitored by watchdog during operation. When MCU program runs, watchdog timeout triggers reset signal and actively reset MCU.\n电源需求\nMCU需要1路VCC3V3_MCU（精度：3.3V±10%）和1路VCC1V25_MCU（精度：1.2-1.35V）供电。\n4. Power demand\nThe MCU needs 1 channel VCC3V3_MCU (accuracy: 3.3V±10%) and 1 channel VCC1V25_MCU (accuracy: 1.2-1.35V) power supply.</td></tr></table>"", ""<table><tr><td>模块序号\nModule number</td><td>模块名称\nModule name</td><td>功能定义\nFunction definition.</td><td>功能安全需求\nFunctional safety requirements</td></tr><tr><td>F01</td><td>MCU</td><td>SAK-TC377TP-96F300S AA</td><td>B(B)</td></tr><tr><td>F02</td><td>EYEQ6-L</td><td>EYEQ6-L，用于sensor的视频处理</td><td>B</td></tr><tr><td>F03</td><td>EYEQ6_LPDDR4</td><td>EQ6的1GB LPDDR4</td><td>B</td></tr><tr><td>F04</td><td>EYEQ6_NAND FLASH</td><td>EQ6的2Gb NAND FLASH</td><td>B</td></tr><tr><td>F05</td><td>CAM SENSOR</td><td>Sony 728摄像头模组</td><td>B</td></tr><tr><td>F06</td><td>KL30 sample</td><td>KL30电压采样</td><td>QM</td></tr><tr><td>F07</td><td>KL15 sample</td><td>KL15电压采样</td><td>QM</td></tr><tr><td>F08</td><td>EQ system power sample1</td><td>EQ6L系统供电电源电压ADC采样滤波、分压电路</td><td>B(B)</td></tr><tr><td>F09</td><td>ETH and CAN power sample2</td><td>CAN和ETH电源电压ADC采样滤波、分压电路</td><td>QM</td></tr><tr><td>F10</td><td>NTC temp sensor</td><td>NTC温度传感器，监控EQ6L/LPDDR4周边环境温度。</td><td>B</td></tr><tr><td>F11</td><td>KL30 EMI</td><td>KL30供电口EMI滤波电路.</td><td>B</td></tr><tr><td>F12</td><td>POWER</td><td>LN10046，KL30电源转VCC3V3电源</td><td>B</td></tr><tr><td>F13</td><td>POWER</td><td>LP87702，VCC3V3电压输入，VCC1V1、VCC1V8、VCC50电压输出</td><td>QM(B)</td></tr><tr><td>F14</td><td>POWER</td><td>TPS62872，VCC3V3电压输入，VCC0V75电压输出</td><td>QM(B)</td></tr><tr><td>F15</td><td>POWER</td><td>SA23002，VCC3V3输入，VCC0V75电压输出</td><td>QM(B)</td></tr><tr><td>F16</td><td>POWER</td><td>TPS22918负载开关，VCC3V3电压输入，VCC3V3_EQ输出</td><td>QM(B)</td></tr><tr><td>F17</td><td>POWER</td><td>TPS22918负载开关，VCC3V3输入，VCC3V3_ETH输出</td><td>QM</td></tr><tr><td>F18</td><td>overvoltage protect</td><td>用于MCU电源VCC3V3_MCU的外部过压保护</td><td>B</td></tr><tr><td>F19</td><td>POWER</td><td>TPS22918 负载开关，VCC1V8电压输入，VCC1V8_EQ电压输出</td><td>QM(B)</td></tr><tr><td>F20</td><td>CAN3</td><td>基于TCAN1145的CAN通讯，硬件支持特定报文唤醒</td><td>QM</td></tr><tr><td>F21</td><td>CAN2</td><td>基于TCAN1044A的CAN通讯.</td><td>QM</td></tr><tr><td>F22</td><td>CAN1</td><td>基于TCAN1044A的CAN通讯</td><td>QM</td></tr><tr><td>F23</td><td>CAN0</td><td>基于TCAN1044A的CAN通讯.</td><td>QM</td></tr><tr><td>F24</td><td>ETH</td><td>基于DP83TC812R的100BASE-T1通讯</td><td>QM</td></tr><tr><td>F25</td><td>Wake up</td><td>唤醒源和一级电源使能电路设计</td><td>QM</td></tr><tr><td>F26</td><td>watchdog</td><td>LP87702的看门狗功能，用于监控MCU运行状态</td><td>B</td></tr><tr><td>F27</td><td>POWER</td><td>VCC3V3_MCU转VCC1V25_MCU电压，由MCU的EVRC进行控制。</td><td>B</td></tr><tr><td>F28</td><td>level translation</td><td>3V3和1V8双向电压转换芯片</td><td>QM</td></tr></table>"", ""\nHW Interface Component ：QM（B）; None：F16/POWER; None：1、负载开关TPS22918，VCC3V3转VCC3V3_EQ。\n2、TPS22918由MCU进行使能和关断控制。; MCU Component ：F01/MCU; None：B; None：G20; None：P20.3; None：P20.3/GTM_TIM4_IN5_11/GTM_TIM3_IN4_5/GTM_TIM2_IN4_5/GTM_TOUT61/QSPI0_SLSO9/QSPI2_SLSO9/CAN03_TXD; None：GPIO; None：MCU_3V3_EQ_EN; None：/; None：O; None：VCC3V3_EQ电源使能控制信号\n高：使能VCC3V3_EQ电源\n低：关断VCC3V3_EQ电源; None：HI-Z,硬件外部下拉; None：—; SW Variable Name or SW Function Name：— ——Port1\nHW Interface Component ：QM; None：F17/POWER; None：1、负载开关TPS22918，VCC3V3转VCC3V3_ETH。\n2、TPS22918由MCU进行使能和关断控制。; MCU Component ：F01/MCU; None：QM; None：K17; None：P21.0; None：P21.0/GTM_TIM4_IN0_11/GTM_TIM3_IN4_6/GTM_TIM2_IN4_6/QSPI4_MRSTDN/DMU_FDEST/GTM_TOUT51/HSM_HSM1; None：GPIO; None：MCU_3V3_ETH_EN; None：/; None：O; None：VCC3V3_ETH电源使能控制信号\n高：使能VCC3V3_EQ电源\n低：关断VCC3V3_EQ电源; None：HI-Z, 硬件外部下拉; None：—; SW Variable Name or SW Function Name：— ——Port1\nHW Interface Component ：QM; None：F14/POWER; None：1、电源转换芯片TPS62872，VCC3V3转VCC0V75。\n2、TPS62872由MCU进行使能和关断控制。; MCU Component ：F01/MCU; None：QM; None：P20; None：P22.0; None：P22.0/GTM_TIM1_IN1_7/GTM_TIM0_IN1_7/QSPI4_MTSRB/GTM_TOUT47/QSPI4_MTSR/QSPI4_SCLKN; None：GPIO; None：MCU_VCC0V75_EN; None：/; None：O; None：VCC0V75电源使能控制信号\n高：使能VCC0V75电源\n低：关断VCC0V75电源; None：HI-Z, 硬件外部下拉; None：—; SW Variable Name or SW Function Name：— ——Port1"", ""<table><tr><td>HM ID</td><td>F02/F03/F04/F28</td></tr><tr><td>模块功能 \nModule Function</td><td>EYEQ6-L最小系统组成：外部30MHz晶体给EYEQ6-L提供基本时钟输入，外部20MHz有源晶振提供监控时钟，外扩OSPI接口的2Gb NAND FLASH存储程序，外扩1GB的LPDDR4运存。NXB0104是用于MCU的3V3_SPI和NAND FLASH的1V8_SPI进行电平转换，用于MCU读写NAND FLASH。\nEYEQ6-L minimum system components: an external 30MHz crystal provides the basic clock input for EYEQ6-L, an external 20MHz active crystal provides the monitoring clock, an external 2GbNAND FLASH memory program for OSPI interface, and an external 1GB LPDDR4 operation memory. NXB0104 is used for level conversion of 3V3_SPI of MCU and 1V8-SPI of NAND FLASH for MCU to read and write NAND FLASH.</td></tr><tr><td>模块框图\nModule diagram</td><td></td></tr><tr><td>模块方案\nModule solution</td><td>\n1、处理器\n根据ADAS产品需求图像处理SOC功能安全需要达到ASIL-B，经综合评估选择Mobileye产品EYEQ6-L，最高功能安全可达到ASIL-B，接口资源丰富。\n1.Processor\nAccording to the requirements of ADAS products, the functional safety of image processing SOC needs to reach ASIL-B. After comprehensive evaluation, Mobileye product EYEQ6-L is selected, and the highest functional safety can reach ASIL-B with abundant interface resources. +\n2、时钟\n硬件选型30MHz晶振给EYEQ6-L提供时钟输入，由其内部PLL等电路完成倍频、分频，供其内核和各模块使用。外部20MHz有源晶振作为内部监控时钟。\n2.Clock\nThe 30MHz crystal provides clock input to the EYEQ6-L, and its internal PLL circuit completes frequency multiplication and frequency division for the EyeQ6-L core and each module. The external 20MHz active crystal is energized as an internal monitoring clock.\n3、DDR\nEYEQ6在外扩的DDR中运行程序和存储临时数据，其DDR控制器可支持32bits位宽的LPDDR4 SDRAM，最大读写速率4266 Mb/s/pin 。本设计中选用1片32bit的LPDDR4 SDRAM，型号为车规级器件K4F8E3S4HD-GHCL02V，以充分利用数据带宽，保证EYEQ6的处理速度，LPDDR4工作环境温度为-40℃~105℃，单片总容量1GB。\n3.DDR\nEYEQ6 runs programs and stores temporary data in the extended DDR. Its DDR controller supports LPDDR4 SDRAM with 32bits wide and a maximum read/write rate of 4266Mb/s/pin. In this design, a 32bit LPDDR4 SDRAM is selected, the model is car grade device K4F8E3S4HD-GHCLO2V, in order to make full use of the data bandwidth and ensure the processing speed of EYEQ6. The working environment temperature of LPDDR4 is -40℃-105℃, and the total capacity of a single chip is 1GB.\n\n\n4、NAND FLASH\n选择ME推荐的WinBond公司产品W35N02JWTBKF，容量2Gb，FLASH支持CRC安全机制。\nNXB0104是用于MCU的3V3_ SPI和NAND FLASH的1V8_ SPI进行电平转换，通过MCU_SPI1_CS片选电平转换芯片，实现MCU对NAND FLASH的读写操作，转换芯片在本应用场景下支持最大传输速率80Mbps。\nNAND FLASH\nChoose the WinBond company product W35N02JWTBKF recommended by ME, with a capacity of 2Gb and FLASH supporting CRC security mechanism. \nNXB0104 is used for the level conversion of 3V3_SPI of MCU and 1V8_SPI of NAND FLASH. The level conversion chip is selected by MCU_SPI1_CS chip to realize the reading and writing operation of MCU to NAND FLASH. The converter chip supports a maximum transmission rate of 80Mbps in this application scenario. \n5、电源和复位\nEYEQ6-L需要6路电源：VCC3V3_EQ、VCC0V75、0V75_MIPI_DDR、VCC1V8、VCC1V1、VCC1V8_EQ，其中VCC0V75用于给内核供电。复位信号由MCU通过P02.4口进行控制。\nPower and reset\nEYEQ6-L requires six power sources: VCC3V3-EQ, VCCOV75, OV75_MIPI_DDR, VCC1V8, VCC1V1, VCC1V8_EQ, where VCCOV75 is used to power the core. The reset signal is controlled by the MCU through the P02.4 pin.</td></tr></table>"", ""D = 0.973.3 = 0.253\n0.75"", ""<table><caption> Table9-5.DefaultOutputVoltageSetpoints</caption>\n<tr><td  >VSEL Pin(1)</td><td  >Device Number</td><td  >VSET[7:0]</td><td  >Output Voltage Setpoint</td></tr>\n<tr><td></td><td  >TPS6287x-Q1</td><td  >0x5a</td><td  >850 mV</td></tr>\n<tr><td></td><td  >TPS6287xY0-Q1</td><td  >0x50</td><td  >800 mV</td></tr>\n<tr><td></td><td  >TPS6287xY1-Q1</td><td  >0x14</td><td  >500 mV</td></tr>\n<tr><td></td><td  >TPS6287xY2-Q1</td><td  >0x64</td><td  >1800 mV</td></tr>\n<tr><td  >6.2 kQ to GND</td><td  >TPS6287xY3-Q1</td><td  >0x52</td><td  >810 mV</td></tr>\n<tr><td></td><td  >TPS6287xN0-Q1</td><td  >0x14</td><td  >500 mV</td></tr>\n<tr><td></td><td  >TPS6287xN1-Q1</td><td  >0x50</td><td  >800 mV</td></tr>\n<tr><td></td><td  >TPS6287xN2-Q1</td><td  >0x64</td><td  >1800 mV</td></tr>\n</table>"", ""VOUT(VIN - VoUT\nIL(PP) = VU(NxLxW)"", ""<table><caption> Device Information</caption>\n<tr><td colspan=3 rowspan=3 >Part Number Current Rating Package TPS62870-Q1 6A TPS62871-Q1 9A RXS (VQFN-FCRLF, TPS62872-Q1 12 A 16) TPS62873-Q1 15 A</td></tr>\n\n</table>"", ""<table><caption> Figure 9-21. VSET Register</caption>\n<tr><td  >6</td><td  >5</td><td  >4</td><td  >VSET</td><td  >3</td><td  >2</td></tr>\n<tr><th></th><th></th><th></th><th  >R/W-X</th><th></th><th></th></tr>\n</table>"", ""<table><caption> Table 9-15. CONTROL2 Register Field Descriptions</caption>\n<tr><td  >Bit</td><td  >Field</td><td  >Type</td><td  >Reset</td><td  >Description</td></tr>\n<tr><td  >7-4</td><td  >RESERVED</td><td  >R</td><td  >0000b</td><td  >Reserved for future use. For compatibility with future device variants,</td></tr>\n<tr><td></td><td></td><td></td><td></td><td  >program these bits to 0.</td></tr>\n<tr><td  >3-2</td><td  >VRANGE</td><td  >R/W</td><td  >10b</td><td  >Output voltage range</td></tr>\n<tr><td></td><td></td><td></td><td></td><td  >00b = 0.4 V to 0.71875 V in 1.25-mV steps</td></tr>\n<tr><td></td><td></td><td></td><td></td><td  >01b = 0.4 V to 1.0375 V in 2.5-mV steps</td></tr>\n<tr><td></td><td></td><td></td><td></td><td  >10b = 0.4 V to 1.675 V in 5-mV steps</td></tr>\n<tr><td></td><td></td><td></td><td></td><td  >11b = 0.8 V to 3.35 V in 10-mV steps</td></tr>\n<tr><td  >1-0</td><td  >SSTIME</td><td  >R/W</td><td  >01b</td><td  >Soft-start ramp time </td></tr>\n<tr><td></td><td></td><td></td><td></td><td  >00b = 0.5 ms</td></tr>\n<tr><td></td><td></td><td></td><td></td><td  >01b = 1 ms</td></tr>\n<tr><td></td><td></td><td></td><td></td><td  >10b = 2 ms</td></tr>\n<tr><td></td><td></td><td></td><td></td><td  >11b = 4 ms</td></tr>\n</table>"", ""<table><caption> Table 9-3. Voltage Ranges</caption>\n<tr><td  >VRANGE[1:0]</td><td  >Voltage Range</td></tr>\n<tr><td  >Ob00</td><td  >0.4 V to 0.71875 V in 1.25-mV steps</td></tr>\n<tr><td  >0b01</td><td  >0.4 V to 1.0375 V in 2.5-mV steps</td></tr>\n<tr><td  >0b10</td><td  >0.4 V to 1.675 V in 5-mV steps</td></tr>\n<tr><td  >Ob11</td><td  >0.8 V to 3.35 V in 10-mV steps</td></tr>\n</table>"", ""Figure 10-1. Typical ApplicationSchematic\n110 nH±20%\n0.75V\nV\nVIN\nSW\n3.3V\nVIN\nMODE/SYNC\n20 kQ\nC\nC\nVoO\nLoad\nVOSNS\nEN\nGOSNS\nSDA\nSCL\n>Rz\nVSEL\nFSEL\n3.3V\nCc\n6.2 kQ\n[cc\nM10 kQ\nCOMP\n1kQ\nOPG\nPG\nSYNC_OUT\nGND\n10pF\nGND\n""]","{""original_context_count"": 19, ""original_context_characters"": 19663, ""scored_context_count"": 4, ""scored_context_characters"": 2059, ""contexts_truncated"": true, ""context_selection"": ""claim_coverage"", ""selected_evidence_ids"": [""document:0eb6659a764f4d29""], ""selected_claim_ids"": [""sq_1:claim_1"", ""sq_2:claim_1"", ""sq_3:claim_1""], ""excluded_evidence_ids"": [""circuit:21:net:MCU_VCC0V75_EN"", ""circuit:21:net:MCU_VCC0V75_MIPI_DDR_EN"", ""circuit:21:net:VCC0V75"", ""document:29cc1a9be32b6d7f"", ""document:35108004bab10732"", ""document:49cc5c650c732356"", ""document:4e638b9fb82d4ad2"", ""document:6a3bd411d529c73f"", ""document:7970eec1b28a0159"", ""document:7a6ae2179c8765b3"", ""document:87e0c61422f91bc3"", ""document:9d920781cf0beed8"", ""document:a266ee5764d45ab0"", ""document:aac59875b92ed6b0"", ""document:b6943ae371d76077"", ""document:bf52768a2f9667cf"", ""document:dea68165091459a7"", ""document:e6627ad70c8cab97""]}",0.4903098824103839,0.2745198815549331,0.6,not_applicable,0.7499999999625,0.5,0.5,0.6363636363636364,not_applicable
hw-v1-joint-overvoltage,success,3.3V 电源有没有过压保护，是如何实现的？,HSI 2.3.12 节说明 VCC3V3_MCU 存在 3V3 过压保护电路：当 VCC3V3 超过 4.03V 时，比较器输出关闭 NMOS 与 PMOS，切断 VCC3V3_SW；EDF 可补充网络与二极管或 TVS 拓扑，但不能据此断言未被文档直接描述的保护能力。,"3.3V电源**有**过压保护功能。

该过压保护是通过一个独立的硬件电路实现的，该电路针对**VCC3V3_MCU**电源进行电压监控。其工作原理如下：
*   **正常范围**：当VCC3V3电压在特定阈值（大于Q1701的VGS门限且小于4.03V）时，NMOS和PMOS导通，VCC3V3_SW正常输出。
*   **过压保护**：当VCC3V3电压超过4.03V时，电路会关闭NMOS和PMOS，切断VCC3V3_SW对后级负载的供电，从而实现过压保护。
*   **欠压状态**：当VCC3V3电压低于Q1701的VGS门限时，NMOS和PMOS也处于关闭状态，VCC3V3_SW无输出。

**证据来源：**
*   文档“600608964_ADAS_HSI_0506_1952_shoulin.wang.docx”中，模块F18的描述明确说明：“AOU要求MCU需要硬件外部增加过压保护电路对3V3_MCU进行电压监控”，并详细描述了其工作原理：当VCC3V3 < 4.03V时，cathode引脚为高阻态；当4.03V > VCC3V3 > VGS门限时，NMOS/PMOS打开，VCC3V3_SW和VCC3V3直通；当VCC3V3 > 4.03V时，cathode引脚输出逻辑低，NMOS/PMOS关闭，VCC3V3_SW无电，对后级负载起到过压保护作用 [1]。

**证据冲突：**
在证据中，关于主MCU（Main MCU）的型号存在冲突，未提供直接证据表明该MCU与3.3V过压保护电路直接相关，但作为冲突项列出：
*   **取值1**：tc367。来源：电路设计文件“825504380_ADAS_SCH_TCN2.EDF”中的实例U900A、U900B、U900C [18, 19, 20]。
*   **取值2**：tc377。来源：文档“600608964_ADAS_HSI_0506_1952_shoulin.wang.docx”中的模块F01描述 [5]。

**缺失信息：**
*   证据提供了该过压保护电路的功能逻辑，但未提供电路原理图（如具体的分流器、比较器或专用IC型号）的详细说明。","3.3V电源**有**过压保护功能。

该过压保护是通过一个独立的硬件电路实现的，该电路针对**VCC3V3_MCU**电源进行电压监控。其工作原理如下：
*   **正常范围**：当VCC3V3电压在特定阈值（大于Q1701的VGS门限且小于4.03V）时，NMOS和PMOS导通，VCC3V3_SW正常输出。
*   **过压保护**：当VCC3V3电压超过4.03V时，电路会关闭NMOS和PMOS，切断VCC3V3_SW对后级负载的供电，从而实现过压保护。
*   **欠压状态**：当VCC3V3电压低于Q1701的VGS门限时，NMOS和PMOS也处于关闭状态，VCC3V3_SW无输出。

**证据冲突：**
在证据中，关于主MCU（Main MCU）的型号存在冲突，未提供直接证据表明该MCU与3.3V过压保护电路直接相关，但作为冲突项列出：
*   **取值1**：tc367。来源：电路设计文件“825504380_ADAS_SCH_TCN2.EDF”中的实例U900A、U900B、U900C [18, 19, 20]。
*   **取值2**：tc377。来源：文档“600608964_ADAS_HSI_0506_1952_shoulin.wang.docx”中的模块F01描述 [5]。

**缺失信息：**
*   证据提供了该过压保护电路的功能逻辑，但未提供电路原理图（如具体的分流器、比较器或专用IC型号）的详细说明。","[""Instance U900A: SAK-TC367DP-64F300S AAA, 20210903003, SAK-TC367DP-64F300S AA, bga80p20x20_1700x1700x170-292."", ""Instance U900B: SAK-TC367DP-64F300S AAB, 20210903003, SAK-TC367DP-64F300S AA, bga80p20x20_1700x1700x170-292."", ""Instance U900C: SAK-TC367DP-64F300S AAC, 20210903003, SAK-TC367DP-64F300S AA, bga80p20x20_1700x1700x170-292."", ""Instance U900D: SAK-TC367DP-64F300S AAD, 20210903003, SAK-TC367DP-64F300S AA, bga80p20x20_1700x1700x170-292."", ""Instance U900E: SAK-TC367DP-64F300S AAE, 20210903003, SAK-TC367DP-64F300S AA, bga80p20x20_1700x1700x170-292."", ""Net VCC3V3 connects C1500.&1, C1617.&1, C1618.&1, C1621.&1, C1633.&2, C1700.&1, C1701.&1, C1702.&1, C1704.&1, C1709.&1, C1710.&1, C1711.&1, C1716.&1, C1800.&1, C1801.&1, C1802.&1, C1803.&1, C1804.&1, C1805.&1, C1811.&1, C1812.&1, C1821.&1, C1823.&1, C1828.&1, L1601.&2, L1701.&1, Q1700.S, R1622.&2, R1701.&1, R1706.&1, R1709.&1, R1710.&1, R1711.&2, R1712.&2, R1800.&2, TP1605.&1, TP1803.&1, U1500.VIN, U1600.VCCIN, U1700.VIN_B0_1, U1700.VIN_B1_1, U1700.VANA, U1700.VIN_B0_2, U1700.VIN_B1_2, U1800.VIN, U1800.VIN, U1800.MODE/SYNC, U1802.VIN, U1804.VIN, U1804.VIN, X2000.&1, X2000.&3."", ""Net VCC3V3_CAM_ACQ connects C1114.&2, R1143.&2, R1147.&2, TP1146.&1, U900A.AN12/EVADC_G1CH4/EDSADC_EDS0PB."", ""Net VCC3V3_CAM_FB connects R1143.&1, TP1913.&1, X1903.&4."", ""Net VCC3V3_EQ connects C1832.&1, C502.&1, C619.&1, C621.&1, C624.&1, C627.&1, C630.&1, R1108.&1, R1122.&1, R506.&2, R507.&2, R549.&2, R554.&2, R555.&2, R556.&2, R558.&2, R580.&2, R581.&2, TP1816.&1, U1802.QOD, U1802.VOUT, U400-2.VDD_RING_8_0-1, U400-2.VDD_RING_8_0-2, U400-2.VDD_RING_8_0-3, U400-2.VDD_RING_9_0, X1903.&10, Y500.VDD."", ""Net VCC3V3_ETH connects C1404.&1, C1410.&1, C1502.&1, C1503.&1, C1504.&1, L1400.&2, L1401.&2, R1110.&1, R1400.&2, R1401.&2, R1402.&2, R1403.&2, R1404.&2, R1405.&2, R1406.&2, R1407.&2, R1408.&2, R1409.&2, R1410.&2, TP1502.&1, U1500.QOD, U1500.VOUT, U1501.EN, U1501.IN."", ""Net VCC3V3_MCU connects C1109.&1, C1204.&1, C1221.&1, C1303.&1, C1308.&1, C509.&2, C835.&2, C906.&1, C909.&1, C910.&1, C911.&1, C913.&1, C914.&1, C915.&1, C929.&1, DP907.&1, L1703.&2, L901.&1, L902.&1, L903.&2, R1007.&2, R1009.&2, R1115.&2, R1205.&2, R1218.&2, R1229.&2, R1235.&2, R1240.&2, R1241.&2, R1300.&2, R1301.&2, R1309.&2, R1310.&2, R1322.&2, R1328.&2, R1703.&1, R805.&2, R900.&1, R903.&2, R904.&2, R906.&2, R909.&2, R913.&2, R915.&2, R919.&2, R920.&1, R921.&1, U1200.VI/O, U1203.VI/O, U1204.VI/O, U1205.VI/O, U1302.VI/O, U1303.VI/O, U1304.VI/O, U1305.VI/O, U503.VCCB, U900C.VEVRSB, U900C.VEXT, U900C.VEXT, U900C.VEXT, U900C.VEXT, U900C.VEXT, U900C.VFLEX, Y1100.std-by, Y1100.VCC."", ""Net VCC3V3_SW connects C1721.&2, C905.&1, L1703.&1, Q1700.D, R1709.&2, TP1714.&1, U901.S2."", ""Instance D1601: Tvs5KP16CA, 130000089, SMBJ33CAHE3_B/H, diom544x356x213_bi."", ""Observed protection tvs component D1200 connects protected nets CAN0L, CAN0H and ground nets GND; this topology does not confirm short-circuit protection capability."", ""Observed protection tvs component D1201 connects protected nets CAN1L, CAN1H and ground nets GND; this topology does not confirm short-circuit protection capability."", ""Observed protection tvs component D1300 connects protected nets CAN2L, CAN2H and ground nets GND; this topology does not confirm short-circuit protection capability."", ""Observed protection tvs component D1301 connects protected nets CAN3L, CAN3H and ground nets GND; this topology does not confirm short-circuit protection capability."", ""Observed protection tvs component D1400 connects protected nets N22957741, N22957686 and ground nets GND; this topology does not confirm short-circuit protection capability."", ""Observed protection tvs component D1401 connects protected nets N23085748, N23085751 and ground nets GND; this topology does not confirm short-circuit protection capability."", ""Observed protection tvs component D1601 connects protected nets UBD and ground nets GND; this topology does not confirm short-circuit protection capability."", ""<table><tr><td>HM ID</td><td>F18</td></tr><tr><td>模块功能 \nModule Function</td><td>AOU要求MCU需要硬件外部增加过压保护电路对3V3_MCU进行电压监控。\nAOU requires MCU to increase the overvoltage protection circuit outside the hardware to monitor the voltage of 3V3_MCU. </td></tr><tr><td>模块框图\nModule diagram</td><td>\n\n</td></tr><tr><td>模块方案\nModule solution</td><td>1.当VCC3V3 <4.03V时，cathode引脚为高阻态, 当VCC3V3 <VGS门限（Q1701）时，NMOS关闭，PMOS关闭，VCC3V3_SW无电。\n2、当4.03V＞VCC3V3 > VGS门限（Q1701）时，NMOS打开，PMOS打开，VCC3V3_SW和VCC3V3直通。\n3、当VCC3V3＞4.03V时，cathode引脚输出逻辑低（最高1V），NMOS关闭，PMOS关闭，VCC3V3_SW无电，对后级负载起到过压保护作用。\n1. When VCC3V3 <4.03V, the cathode pin is in the high resistance state. When VCC3V3 <VGs threshold (Q1701), NMOS is off, PMOS is off, and VCC3V3_SW has no electricity.\n2.When 4.03V>VCC3V3>VGS threshold (Q1701), NMOS opens, PMOS opens, and VCC3V3_sw and VCC3V3 pass through.\n3.When VCC3V3>4.03V, the cathode pin output logic is low (up to 1V), NMOS is off, PMOS is off, and VCC3V3_Sw has no power, which plays an overvoltage protection role on the load of the later stage.\n</td></tr></table>"", ""<table><tr><td>HM ID</td><td>F11</td></tr><tr><td>模块功能 \nModule Function</td><td>KL30供电口处增加EMI电路，用于供电防反、保护和滤波。\nAn EMI circuit is added at the KL30 power supply port for power supply anti-reaction, protection and filtering.</td></tr><tr><td>模块框图\nModule diagram</td><td></td></tr><tr><td>模块方案\nModule solution</td><td>硬件电路设计在UBD网络增加两个串联ESD电容，PCB布局靠近主连接器引脚处，用于吸收外部ESD信号，后端增加双向TVS管用于瞬态过压保护，UBD供电口增加肖特基二极管，用于防反接保护，后级增加Π型滤波电路。\nThe hardware circuit design adds two series ESD capacitors to the UBD network, the PCB layout is near the main connector pin for absorbing external ESD signals, the bidirectional TVS tube is added to the back end for transient overvoltage protection, the Schottky diode is added to the UBD power supply port for anti-reverse connection protection, and the type 1 filter circuit is added to the rear stage.\n</td></tr></table>"", ""<table><tr><td>HM ID</td><td>F12</td></tr><tr><td>运行模式\nOperation Mode</td><td>上电模式、下电模式、运行模式\nPower on mode, power off mode, run mode.</td></tr><tr><td>模式定义\nDefinition of Operation mode</td><td>1、\t上电模式\n使能信号ECU_EN=H，一级电源LN10046开始工作，为负载提供VCC3V3的电源。\n2、\t下电模式\n使能信号ECU_EN=L后，一级电源LN10046停止VCC3V3供电，系统停止工作。\n3、\t运行模式\n一级电源LN10046正常输出VCC3V3，系统正常工作。\nPower on mode \nThe enable signal ECU_EN=H, the first-stage power LN10046 starts to work and provides power to VCC3V3 for the load.\nPower off mode \nAfter the enable signal ECU_EN=L, the primary power LN10046 stops the power supply of VCC3V3, and the system stops working.\nRun mode \nThe primary power LN10046 outputs VCC3V3 normally, and the system works normally.</td></tr><tr><td>模式切换接口\nMode switching interface</td><td></td></tr><tr><td>模式状态机\nMode state machine</td><td>\n\n</td></tr><tr><td>模式切换条件\nMode switching condition</td><td>参考：\n产品系统需求规格说明\n产品系统方案设计说明书\nReference: \nProduct system requirement specification \nProduct system scheme design specification.</td></tr><tr><td>备注\nNote</td><td>LN10046为系统一级电源DC-DC电路，功能不涉及软件控制逻辑。\nLN10046 is a system level power DC-DC circuit, the function does not involve software control logic..</td></tr></table>"", ""<table><tr><td>HM ID</td><td>F11/F12/F13/F14/F15/F16/F17/F18/F19/F25/F27</td></tr><tr><td>模块功能 \nModule Function</td><td>系统使用车载电池12V电压供电，经过EMI电路后输入至电源转换芯片，转换输出系统各模块所需电源。\nThe system uses 12V voltage power supply from the vehicle battery, which is input to the power conversion chip through the EMI circuit. Then the power conversion chip convert and output the power required by each module of the system.</td></tr><tr><td>模块框图\nModule diagram</td><td></td></tr><tr><td>模块方案\nModule solution</td><td>KL30 EMI (ASIL-B)\nKL30供电口处增加EMI电路，用于供电保护和滤波。硬件电路设计在UBD网络增加两个串联ESD电容，PCB布局靠近主连接器引脚处，用于吸收外部ESD信号，后端增加双向TVS管用于瞬态过压保护\nThe EMI circuit is added at the KL30 power supply port for power supply protection and filtering. The hardware circuit design adds two series ESD capacitors in the UBD network, the PCB layout is close to the main connector pin for absorbing external ESD signals, and the two-way TVS tube is added at the back end for transient overvoltage protection.\nKL30 to VCC3V3 (ASILB)\nKL30转VCC3V3是系统一级DC-DC，给MCU提供VCC3V3_MCU电源，所以系统要求其满足ASILB，确保MCU功能安全。\nKL30 to VCC3V3 is a system primary DC-DC chip, because the MCU needs VCC3V3_MCU power supply, so the system requires it to meet the ASILB to ensure the functional safety of the MCU.\nVCC3V3_MCU to VCC1V25_MCU(ASILB)\n3V3转1V25_MCU是使用MCU内置控制器进行控制的BUCK电源，用于MCU的核供电，功能安全需求达到ASILB，确保MCU功能安全。\n3V3 to 1V25_MCU is a BUCK power supply controlled by MCU built-in controller, which is used for MCU nuclear power supply. Functional safety requirements meet ASILB to ensure the functional safety of MCU.\nVCC3V3 to VCC0V75(QM(B))\nVCC3V3转VCC0V75应用于EQ6的内核供电，要求输出电流能力大，现选型TI的电源方案TPS62872。用MCU的P22.0引脚使能芯片，用MCU_SDA_P15.5，MCU_SCL_P15.4引脚I2C通信来设置输出电压和通信。\nVCC3V3 to VCC0V75 is applied to the core power supply of EQ6, which requires large output current capacity. The power supply scheme TPS62872 of TI is selected. P22.0 pin of MCU is used to enable the chip, and MCU_SDA_P15.5, MCU_SCL_P15.4 pin I2C communication is used to set the output voltage and communication. \nVCC3V3 to 0V75_MIPI_DDR(QM(B))\nVCC3V3转0V75_MIPI_DDR用于EQ6的IO口供电，现使用矽力杰的SA23002进行设计。用MCU的P22.1引脚使能该芯片。\nVCC3V3 to 0V75_MIPI_DDR for EQ6 IO port power supply, Silergy’s SA23002 is designed. The P22.1 pin of the MCU is used to enable the chip.\nVCC3V3转VCC1V8、VCC1V1、VCC50(QM(B))\nVCC1V8用于EQ6、CAM、DDR、FLASH供电，VCC1V1用于EQ6、DDR供电，VCC50用于CAN收发器供电，现选择LP87702 PMIC方案。用MCU的P15.3引脚使能该芯片的5V输出，用MCU_SCL_P15.4，MCU_SDA_P15.5 I2C通信来设置1.8V和1.1V输出电压和使能。\nVCC1V8 is used for EQ6, CAM, DDR, FLASH power supply, VCC1V1 is used for EQ6, DDR power supply, VCC50 is used for CAN transceiver  power supply, LP87702 PMIC scheme is selected. P15.3 pin of MCU is used to enable 5V output of the chip, and MCU_SCL_P15.4, MCU_SDA_P15.5 I2C communication is used to set 1.8V and 1.1V output voltage and enable it. \nVCC3V3 to VCC3V3_EQ(QM(B))\nVCC3V3转VCC3V3_EQ用于EQ6的IO和摄像头供电，现使用负载开关进行设计。用MCU的P20.3引脚使能该芯片。\nVCC3V3 to VCC3V3_EQ for EQ6’s IO and camera power supply, now using the load switch is designed. .The P20.3 pin of the MCU is used to enable the chip.\n\tVCC3V3 to VCC3V3_ETH(QM)\n3V3转3V3_ETH用于ETH供电，现选择负载开关方案。用MCU的P21.0引脚使能该芯片。\n3V3 to 3V3_ETH for ETH power supply, the load switch scheme is selected. . The P21.0 pin of the MCU is used to enable the chip.\n\tVCC1V8 to VCC1V8_EQ(QM(B))\nVCC1V8转VCC1V8_EQ用于EQ供电，现选择负载开关方案。用MCU的P20.0引脚使能该芯片。\nVCC1V8 to VCC1V8_EQ for EQ power supply, the load switch scheme is selected. . The P20.0 pin of the MCU is used to enable the chip.</td></tr><tr><td colspan='2'></td></tr></table>"", ""<table><tr><td>HM ID</td><td>F01</td></tr><tr><td>模块功能 \nModule Function</td><td>32位MCU芯片TC377最小系统模块有SAK-TC377TP-96F300S AA主控芯片和晶体、硬件配置组成，实现SAK-TC377TP-96F300S AA最小硬件系统工作单元，功能安全等级最高可达到ASIL-D，满足应用要求。\n32-bit MCU chip TC377 minimum system module has SAK-TC377TP-96F300S AA main control chip and crystal, hardware configuration, to achieve SAK-TC377TP-96F300S AA minimum hardware system work unit, functional safety level up to ASIL-D, meet the application requirements. </td></tr><tr><td>模块框图\nModule diagram</td><td></td></tr><tr><td>模块方案\nModule solution</td><td>处理器\n根据ADAS产品需求，综合评估选型为32位MCU芯片SAK-TC377TP-96F300S AA， MCU接口资源丰富，功能安全等级最高可达到ASIL-D，满足应用要求。\nProcessor \nAccording to ADAS product requirements, 32-bit MCU chip SAK-TC377TP-96F300S AA is selected through comprehensive evaluation, which has rich MCU interface resources and the highest functional safety level can reach ASIL-D to meet application requirements\n时钟设计\n硬件选型20MHz晶振给MCU提供时钟输入，由其内部PLL等电路完成倍频、分频，供其内核和各模块使用。\nClock design\nHardware selection of clock design 20MHz crystal oscillator provides clock input to MCU, and its internal PLL and other circuits complete frequency doubling and frequency division for its kernel and each module.\n复位及watchdog\n系统复位及看门狗芯片采用LP87702内部看门狗，喂狗方式为窗口喂狗，当喂狗窗口无有效喂狗次数超过OTP配置时，将触发整个系统复位。\na)\t上电时，看门狗芯片对MCU启动过程进行监控，同时对MCU的电源VCC3V3电压进行低压监控，异常时主动复位MCU。\nb)\t运行过程中由看门狗监控MCU运行状态，当MCU程序跑飞时看门狗超时触发复位信号主动复位MCU。\nReset and watchdog\nThe system reset and watchdog chip adopts LP87702 internal watchdog, and the feeding method is window feeding. When the number of effective dog feeding in the feeding window exceeds the OTP configuration, the whole system reset will be triggered. \n When powering on, the watchdog chip monitors the start-up process of MCU, and at the same time, it monitors the low voltage voltage of MCU's power supply VCC3V3, and actively resets MCU when abnormal. \n MCU running status is monitored by watchdog during operation. When MCU program runs, watchdog timeout triggers reset signal and actively reset MCU.\n电源需求\nMCU需要1路VCC3V3_MCU（精度：3.3V±10%）和1路VCC1V25_MCU（精度：1.2-1.35V）供电。\n4. Power demand\nThe MCU needs 1 channel VCC3V3_MCU (accuracy: 3.3V±10%) and 1 channel VCC1V25_MCU (accuracy: 1.2-1.35V) power supply.</td></tr></table>"", ""\nNo.：67; Alarm ID：ALM8[9]; Alarm name：External Request Unit Alarm 3; Related SMs：SM[HW]:SCU.ERU:EXT_ALARM_GENERATION; Safety related ?：N; Fault Handling\n(Refer to Note)：• NO ACTION; Status：nan; Person in charge：nan; Comment：nan ——12.1 TC37X_HWSM\nNo.：68; Alarm ID：ALM8[10]; Alarm name：CPU0 Watchdog time-out; Related SMs：SM[HW]:SCU:ENDINIT_WATCHDOG; Safety related ?：N; Fault Handling\n(Refer to Note)：• NO ACTION; Status：nan; Person in charge：nan; Comment：1. ENDINIT Timeout：\n1.1 受CPU0 ENDINIT保护的寄存器被写操作时，需要正确解开CPU ENDINIT保护，写完寄存器后，再次锁上CPU ENDINIT保护。\n1.2. 解开CPU ENDINIT保护前，软件应屏蔽中断，防止写寄存器时间超时。\n1.3. 解开CPU ENDINIT保护后，写寄存器的时间小于1us\n2. Watchdog Timeout\n软件应该按照功能要求，在规定时间内进行喂狗操作。 ——12.1 TC37X_HWSM\nNo.：69; Alarm ID：ALM8[11]; Alarm name：CPU1 Watchdog time-out; Related SMs：SM[HW]:SCU:ENDINIT_WATCHDOG; Safety related ?：N; Fault Handling\n(Refer to Note)：• NO ACTION; Status：nan; Person in charge：nan; Comment：1. ENDINIT Timeout：\n1.1 受CPU1 ENDINIT保护的寄存器被写操作时，需要正确解开CPU ENDINIT保护，写完寄存器后，再次锁上CPU ENDINIT保护。\n1.2. 解开CPU ENDINIT保护前，软件应屏蔽中断，防止写寄存器时间超时。\n1.3. 解开CPU ENDINIT保护后，写寄存器的时间小于1us\n2. Watchdog Timeout\n软件应该按照功能要求，在规定时间内进行喂狗操作。 ——12.1 TC37X_HWSM"", ""注：使用本模板时请先阅读填写说明页，形成工作产品时本页不可删除变更历史Change History目  录Table of Contents1\t概述 Introduction\t81.1 目的 Purpose\t81.2 适用范围 Range of Application\t81.3 读者对象 TReader\t81.4 术语及缩写解释 Terms and Abbreviations\t81.5 参考文档 Reference Document\t82\t硬件架构 Hardware Architecture\t92.1 系统概述 System overview\t92.2 硬件框图 Hardware block diagram\t102.3 模块电路 Module circuit\t122.3.1 KL30电源管理电路 KL30 supply management circuit\t122.3.2 唤醒电路 Wake Up circuit\t132.3.3 电源电路 power circuit\t152.3.4 TC377最小系统 TC377 minimum system\t232.3.5 EQ6最小系统 EQ6 minimum system\t252.3.6 摄像头最小系统 camera minimum system\t282.3.7 看门狗电路 Watchdog circuit\t302.3.8 温度采样电路 Temp Sample circuit\t302.3.9 系统内电源电压采样电源 The power System Voltage Sampling circuit\t312.3.10 ETH电路 ETH circuit\t332.3.11 CAN/CAN FD电路 CAN/CAN FD circuit\t342.3.12 3V3过压保护电路 3V3 overvoltage protection circuit\t353\t硬件运行模式 Hardware Operation Mode\t363.1 硬件运行模式 Hardware Operation Mode\t363.2 运行模式定义 Definition of Operation Mode\t373.3 运行模式转换条件 Transition Condition of Operation Mode\t393.3.1 KL30电源管理电路 KL30 supply management circuit\t393.3.2 唤醒电路 Wake Up circuit\t413.3.3 电源电路 Power Circuit\t423.3.4 TC377最小系统 TC377 minimum system\t53"", ""<table><tr><td>HM ID</td><td>F12</td></tr><tr><td>模块功能 \nModule Function</td><td>KL30转VCC3V3是系统一级DC-DC，基于LN10046设计，给系统提供电源。\nThe KL30 to VCC3V3 is a first-level DC-DC based on the LN10046 design and provides power to the system.</td></tr><tr><td>模块框图\nModule diagram</td><td></td></tr><tr><td>模块方案\nModule solution</td><td>采用LN10046电源DCDC芯片，将12V系统电源转换为3.3V，提供给系统供电使用。\nThe LN10046 power supply DCDC chip is used to convert the 12V system power supply to 3.3V and provide power supply to the system for use.\n</td></tr></table>"", ""唤醒电路 Wake Up circuit电源电路 power circuitKL30 EMI电路 KL30 EMI circuitKL30 转VCC3V3 KL30 to VCC3V3VCC3V3_MCU转VCC1V25_MCU  VCC3V3_MCU to VCC1V25_MCUVCC3V3转VCC0V75  VCC3V3 to VCC0V75VCC3V3转0V75_MIPI_DDR  VCC3V3 to 0V75_MIPI_DDRVCC3V3转VCC1V8、VCC1V1、VCC50   VCC3V3 to VCC1V8、VCC1V1、VCC50VCC3V3转VCC3V3_EQ  VCC3V3 to VCC3V3_EQVCC3V3转VCC3V3_ETH  VCC3V3 to VCC3V3_ETHVCC1V8转VCC1V8_EQ  VCC1V8 to VCC1V8_EQTC377最小系统 TC377 minimum systemEQ6最小系统 EQ6 minimum system摄像头最小系统 camera minimum system看门狗电路 Watchdog circuit温度采样电路 Temp Sample circuit系统内电源电压采样电源 The power System Voltage Sampling circuitETH电路 ETH circuitCAN/CAN FD电路 CAN/CAN FD circuit3V3过压保护电路 3V3 overvoltage protection circuit硬件运行模式 Hardware Operation Mode主要用于描述当前ADAS硬件不同的运行模式（例如上电模式，下电模式，Sleep模式，运行模式等）。描述各个运行模式下的硬件模块功能，以及模式之间的切换条件。Describe the different operating mode of ADAS Hardware (e.g. power on mode, power off mode, Sleep mode，normal mode). Define the HW component functions in each operating mode, describe the transition condition between different modes.硬件运行模式 Hardware Operation Mode系统功能矩阵描述系统不同模式下各功能模块运行状态。The system function matrix describes the operation status of each function module in different modes of the system."", ""\nNone：MCU采样摄像头的1V8电源电压，精度要求：1.7~1.9V; MCU Component ：F01/ MCU; None：B; None：U6; None：AN14; None：AN14/EVADC_G1CH6/EDSADC_EDS3PB; None：ADC，分辨率10bit; None：VCC1V8_CAM_ACQ; None：/; None：I; None：索尼摄像头模组电源1.8V电压采样。\nU1V8_CAM_ACQ=3.3*ADC值/1024\n精度：1.7~1.9V\n硬件滤波截止频率：≥121.7Hz\n硬件滤波时间：≤1.5ms; None：HI-Z; None：—; SW Variable Name or SW Function Name：— ——Port1\nNone：Config; MCU Component ：F01/ MCU; None：QM; None：H19; None：P20.2; None：P20.2/TESTMODE; None：TESTMODE; None：—; None：/; None：I; None：TESTMODE：\n高：正常工作模式\n低：英飞凌内部测试模式; None：HI-Z，硬件外部上拉; None：—; SW Variable Name or SW Function Name：— ——Port1\nNone：Config; MCU Component ：F01/ MCU; None：B; None：A14; None：P14.5; None：P14.5/GTM_TIM1_IN0_4/GTM_TIM0_IN0_4/PMS_HWCFG1IN/GTM_DTMA2_0/GTM_TOUT85/ERAY0_TXD; None：PMS_HWCFG1IN; None：—; None：/; None：I; None：EVR33控制内部3.3V电压转换:\n高：内部使用5V转换为3.3V电压\n低：禁止5V转换为3.3V电压; None：HI-Z，硬件外部下拉; None：—; SW Variable Name or SW Function Name：— ——Port1""]","{""original_context_count"": 30, ""original_context_characters"": 17537, ""scored_context_count"": 4, ""scored_context_characters"": 1375, ""contexts_truncated"": true, ""context_selection"": ""claim_coverage"", ""selected_evidence_ids"": [""document:6620a6e887eb13f5""], ""selected_claim_ids"": [""sq_1:claim_1"", ""sq_2:claim_1""], ""excluded_evidence_ids"": [""circuit:21:net:VCC3V3"", ""circuit:21:net:VCC3V3_CAM_ACQ"", ""circuit:21:net:VCC3V3_CAM_FB"", ""circuit:21:net:VCC3V3_EQ"", ""circuit:21:net:VCC3V3_ETH"", ""circuit:21:net:VCC3V3_MCU"", ""circuit:21:net:VCC3V3_SW"", ""document:1af21ab62c4c25b4"", ""document:2209ce0744d30fc1"", ""document:5fe56e0953406ff6"", ""document:87e0c61422f91bc3"", ""document:91f27d32c7bf7787"", ""document:a075d2642b8e135f"", ""document:a4da2fc271443e28"", ""document:b257f3b0795806a8"", ""document:b6943ae371d76077""]}",0.6100723819887137,0.4277946402817744,0.25,not_applicable,0.9999999999,0.0,0.5,0.6666666666666666,not_applicable
hw-v1-circuit-tps22918-enumeration,success,板上用 TPS22918 做了哪些电源开关？逐个给出输入、输出和使能。,U1500：VCC3V3 到 VCC3V3_ETH，使能 MCU_3V3_ETH_EN；U1802：VCC3V3 到 VCC3V3_EQ，使能 MCU_3V3_EQ_EN；U1803：VCC1V8 到 VCC1V8_EQ，使能 MCU_1V8_EQ_EN。,"板上共有3个TPS22918电源开关实例，分别为U1500、U1802和U1803。每个实例的输入、输出和使能信号如下：

**1. U1500**
- 输入（VIN）：VCC3V3 [1]
- 输出（VOUT）：VCC3V3_ETH [1]
- 使能（ON）：MCU_3V3_ETH_EN [1]

**2. U1802**
- 输入（VIN）：VCC3V3 [2]
- 输出（VOUT）：VCC3V3_EQ [2]
- 使能（ON）：MCU_3V3_EQ_EN [2]

**3. U1803**
- 输入（VIN）：VCC1V8 [3]
- 输出（VOUT）：VCC1V8_EQ [3]
- 使能（ON）：MCU_1V8_EQ_EN [3]","板上共有3个TPS22918电源开关实例，分别为U1500、U1802和U1803。每个实例的输入、输出和使能信号如下：

**1. U1500**
- 输入（VIN）：VCC3V3 [1]
- 输出（VOUT）：VCC3V3_ETH [1]
- 使能（ON）：MCU_3V3_ETH_EN [1]

**2. U1802**
- 输入（VIN）：VCC3V3 [2]
- 输出（VOUT）：VCC3V3_EQ [2]
- 使能（ON）：MCU_3V3_EQ_EN [2]

**3. U1803**
- 输入（VIN）：VCC1V8 [3]
- 输出（VOUT）：VCC1V8_EQ [3]
- 使能（ON）：MCU_1V8_EQ_EN [3]","[""Pin mapping for U1500: VIN -> VCC3V3, GND -> GND, ON -> MCU_3V3_ETH_EN, CT -> N22963649, QOD -> VCC3V3_ETH, VOUT -> VCC3V3_ETH."", ""Pin mapping for U1802: VIN -> VCC3V3, GND -> GND, ON -> MCU_3V3_EQ_EN, CT -> N20145936, QOD -> VCC3V3_EQ, VOUT -> VCC3V3_EQ."", ""Pin mapping for U1803: VIN -> VCC1V8, GND -> GND, ON -> MCU_1V8_EQ_EN, CT -> N20146977, QOD -> VCC1V8_EQ, VOUT -> VCC1V8_EQ."", ""Instance U1500: TPS22918, 20181204001, TPS22918TDBVRQ1, SOT23X145-6."", ""Instance U1802: TPS22918, 20181204001, TPS22918TDBVRQ1, SOT23X145-6."", ""Instance U1803: TPS22918, 20181204001, TPS22918TDBVRQ1, SOT23X145-6."", ""<table><tr><td>HM ID</td><td>F19</td></tr><tr><td>模块功能 \nModule Function</td><td>1V8转1V8_EQ用于EQ6供电，现选择负载开关方案。\n1V8 to 1V8_EQ is used for the EQ6 power supply, now choose the load switch scheme.\n</td></tr><tr><td>模块框图\nModule diagram</td><td></td></tr><tr><td>模块方案\nModule solution</td><td>采用TPS22918负载开关，将VCC1V8电源转换为VCC1V8_EQ，给EQ6供电。用MCU的P20.0引脚使能该芯片。\nThe TPS22918 load switch chip is used to convert the VCC1V8 to VCC1V8_EQ to power EQ6. The P20.0 pin of the MCU is used to enable the chip.\n</td></tr></table>"", ""\nHW Interface Component ：QM（B）; None：F16/POWER; None：1、负载开关TPS22918，VCC3V3转VCC3V3_EQ。\n2、TPS22918由MCU进行使能和关断控制。; MCU Component ：F01/MCU; None：B; None：G20; None：P20.3; None：P20.3/GTM_TIM4_IN5_11/GTM_TIM3_IN4_5/GTM_TIM2_IN4_5/GTM_TOUT61/QSPI0_SLSO9/QSPI2_SLSO9/CAN03_TXD; None：GPIO; None：MCU_3V3_EQ_EN; None：/; None：O; None：VCC3V3_EQ电源使能控制信号\n高：使能VCC3V3_EQ电源\n低：关断VCC3V3_EQ电源; None：HI-Z,硬件外部下拉; None：—; SW Variable Name or SW Function Name：— ——Port1\nHW Interface Component ：QM; None：F17/POWER; None：1、负载开关TPS22918，VCC3V3转VCC3V3_ETH。\n2、TPS22918由MCU进行使能和关断控制。; MCU Component ：F01/MCU; None：QM; None：K17; None：P21.0; None：P21.0/GTM_TIM4_IN0_11/GTM_TIM3_IN4_6/GTM_TIM2_IN4_6/QSPI4_MRSTDN/DMU_FDEST/GTM_TOUT51/HSM_HSM1; None：GPIO; None：MCU_3V3_ETH_EN; None：/; None：O; None：VCC3V3_ETH电源使能控制信号\n高：使能VCC3V3_EQ电源\n低：关断VCC3V3_EQ电源; None：HI-Z, 硬件外部下拉; None：—; SW Variable Name or SW Function Name：— ——Port1\nHW Interface Component ：QM; None：F14/POWER; None：1、电源转换芯片TPS62872，VCC3V3转VCC0V75。\n2、TPS62872由MCU进行使能和关断控制。; MCU Component ：F01/MCU; None：QM; None：P20; None：P22.0; None：P22.0/GTM_TIM1_IN1_7/GTM_TIM0_IN1_7/QSPI4_MTSRB/GTM_TOUT47/QSPI4_MTSR/QSPI4_SCLKN; None：GPIO; None：MCU_VCC0V75_EN; None：/; None：O; None：VCC0V75电源使能控制信号\n高：使能VCC0V75电源\n低：关断VCC0V75电源; None：HI-Z, 硬件外部下拉; None：—; SW Variable Name or SW Function Name：— ——Port1"", ""<table><tr><td>HM ID</td><td>F16</td></tr><tr><td>模块功能 \nModule Function</td><td>VCC3V3转VCC3V3_EQ用于EQ6的IO和摄像头供电，现使用负载开关TPS22918进行设计。\nVCC3V3 to VCC3V3-EQ is used for the IO and camera power supply of EQ6, and the load switch TPS22918 is used for the design.</td></tr><tr><td>模块框图\nModule diagram</td><td></td></tr><tr><td>模块方案\nModule solution</td><td>采用TPS22918负载开关，将VCC3V3系统电源转换为VCC3V3_EQ，提供给EQ6和摄像头供电。用MCU的P20.3引脚使能该芯片。\nThe TPS22918 load switch is used to convert the VCC3V3 system power to VCC3V3-EQ to supply power to EQ6 and the camera. The P20.3 pin of the MCU is used to enable the chip.\n</td></tr></table>"", ""<table><tr><td>HM ID</td><td>F17</td></tr><tr><td>模块功能 \nModule Function</td><td>3V3转3V3_ETH用于ETH供电，现选择负载开关方案。\n3V3 to 3V3_ETH is used for ETH power supply, and the load switching scheme is now selected.</td></tr><tr><td>模块框图\nModule diagram</td><td></td></tr><tr><td>模块方案\nModule solution</td><td>采用TPS22918负载开关，将VCC3V3系统电源转换为VCC3V3_ETH，提供给MCU的ETH供电。P21.0引脚使能该芯片。\nThe TPS22918 load switch is used to convert the VCC3V3 system power to VCC3V3-ETH to supply power to ETH of the MCU. The P21.0 pin of the MCU is used to enable the chip.\n</td></tr></table>"", ""<table><tr><td>HM ID</td><td>F19</td></tr><tr><td>运行模式\nOperation Mode</td><td>上电模式、下电模式、运行模式\nPower on mode, Power off mode, Run mode.</td></tr><tr><td>模式定义\nDefinition of Operation mode</td><td>1、\t上电模式\nMCU通过将MCU_1V8_EQ_EN信号配置为逻辑高使能VCC1V8_EQ电源输出，用于EQ系统供电。\n2、\t下电模式\nMCU通过将MCU_1V8_EQ_EN信号配置为逻辑低关闭VCC1V8_EQ电源输出。\n3、\t运行模式\nTPS22918正常输出VCC1V8_EQ。\nPower on mode\nThe MCU is used to power the EQ system by configuring the MCU-1 V8-EQ_EN signal to the logical high enable VCCIV8-EQ power output. \nPower off mode\nThe MCU turns off the VCC1V8-EQ power output by configuring the MCU-1V8-EQ_EN signal to logic low.\nRun mode\nTPS22918 normal output VCC1V8_EQ.</td></tr><tr><td>模式切换接口\nMode switching interface</td><td></td></tr><tr><td>模式状态机\nMode state machine</td><td></td></tr><tr><td>模式切换条件\nMode switching condition</td><td>参考：\n产品系统需求规格说明\n产品系统方案设计说明书\nReference: \nProduct system requirement specification \nProduct system scheme design specification.</td></tr><tr><td>备注\nNote</td><td></td></tr></table>"", ""<table><tr><td>序号</td><td>模块序号</td><td>模块名称</td><td>功能定义</td><td>功能安全需求</td></tr><tr><td>1</td><td>F013</td><td>POWER</td><td>LP87702，VCC3V3电压输入，VCC1V1、VCC1V8、VCC50电压输出</td><td>QM(B)</td></tr><tr><td>1</td><td>F01</td><td>MCU</td><td>SAK-TC377TP-96F300S AA</td><td>B(B)</td></tr><tr><td>1</td><td>F08</td><td>EQ system power sample1</td><td>EQ6L系统供电电源电压ADC采样滤波、分压电路</td><td>B(B)</td></tr><tr><td>2</td><td>F14</td><td>POWER</td><td>TPS62872，VCC3V3电压输入，VCC0V75电压输出，EQ6L核电供电</td><td>QM(B)</td></tr><tr><td>2</td><td>F01</td><td>MCU</td><td>SAK-TC377TP-96F300S AA</td><td>B(B)</td></tr><tr><td>2</td><td>F08</td><td>EQ system power sample</td><td>EQ6L系统供电电源电压ADC采样滤波、分压电路</td><td>B(B)</td></tr><tr><td>3</td><td>F15</td><td>POWER</td><td>SA23002，VCC3V3输入，0V75_MIPI_DDR电压输出</td><td>QM(B)</td></tr><tr><td>3</td><td>F01</td><td>MCU</td><td>SAK-TC377TP-96F300S AA</td><td>B(B)</td></tr><tr><td>3</td><td>F08</td><td>EQ system power sample</td><td>EQ6L系统供电电源电压ADC采样滤波、分压电路</td><td>B(B)</td></tr><tr><td>4</td><td>F16</td><td>POWER</td><td>TPS22918负载开关，VCC3V3电压输入，VCC3V3_EQ输出</td><td>QM(B)</td></tr><tr><td>4</td><td>F01</td><td>MCU</td><td>SAK-TC377TP-96F300S AA</td><td>B(B)</td></tr><tr><td>4</td><td>F08</td><td>EQ system power sample</td><td>EQ6L系统供电电源电压ADC采样滤波、分压电路</td><td>B(B)</td></tr></table>"", ""<table><tr><td>HM ID</td><td>F17</td></tr><tr><td>运行模式\nOperation Mode</td><td>上电模式、下电模式、运行模式\nPower on mode, Power off mode, Run mode.</td></tr><tr><td>模式定义\nDefinition of Operation mode</td><td>1、\t上电模式\nMCU通过将MCU_3V3_ETH_EN信号配置为逻辑高使能VCC3V3_ETH电源输出，用于MCU ETH系统供电。\n2、\t下电模式\nMCU通过将MCU_3V3_ETH_EN信号配置为逻辑低关闭VCC3V3_ETH电源输出。\n3、\t运行模式\nTPS22918正常输出VCC3V3_ETH。\nPower on mode \nThe MCU is used to power the MCU ETH system by configuring the MCU_3V3_ETH_EN signal as a logical high enabled VCC3V3_ETH power output.\nPower off mode\nThe MCU turns off the VCC3V3_ETH power output by configuring the MCU_3V3_ETH_EN signal to logical low.\nRun mode \nTPS22918 normal output VCC3V3_ETH. \n</td></tr><tr><td>模式切换接口\nMode switching interface</td><td></td></tr><tr><td>模式状态机\nMode state machine</td><td></td></tr><tr><td>模式切换条件\nMode switching condition</td><td>参考：\n产品系统需求规格说明\n产品系统方案设计说明书\nReference: \nProduct system requirement specification \nProduct system scheme design specification.</td></tr><tr><td>备注\nNote</td><td></td></tr></table>"", ""<table><tr><td>HM ID</td><td>F16</td></tr><tr><td>运行模式\nOperation Mode</td><td>上电模式、下电模式、运行模式\nPower on mode, Power off mode, Run mode.</td></tr><tr><td>模式定义\nDefinition of Operation mode</td><td>1、\t上电模式\nMCU通过将MCU_3V3_EQ_EN信号配置为逻辑高使能VCC3V3_EQ电源输出，用于EQ6和CAM系统供电。\n2、\t下电模式\nMCU通过将MCU_3V3_EQ_EN信号配置为逻辑低关闭VCC3V3_EQ输出。\n3、\t运行模式\nTPS22918正常输出VCC3V3_EQ。\nPower on mode\nThe MCU is used to power EQ6 and CAM systems by configuring the McU-3v3-eqen signal as a logical high enable VCC3V3 EQ power output. \nPower off mode\nThe MCU turns off the VCC3V3_EQ output by configuring the MCU_3V3_EQ_EN signal to logic low.\nRun mode \nTPS22918 normal output VCC3V3_EQ.</td></tr><tr><td>模式切换接口\nMode switching interface</td><td></td></tr><tr><td>模式状态机\nMode state machine</td><td></td></tr><tr><td>模式切换条件\nMode switching condition</td><td>参考：\n产品系统需求规格说明\n产品系统方案设计说明书\nReference: \nProduct system requirement specification \nProduct system scheme design specification.</td></tr><tr><td>备注\nNote</td><td></td></tr></table>""]","{""original_context_count"": 14, ""original_context_characters"": 7818, ""scored_context_count"": 4, ""scored_context_characters"": 881, ""contexts_truncated"": true, ""context_selection"": ""claim_coverage"", ""selected_evidence_ids"": [""document:377c425a6fdda20d"", ""circuit:21:pin_mapping:U1803""], ""selected_claim_ids"": [""sq_1:claim_1"", ""sq_2:claim_1""], ""excluded_evidence_ids"": [""circuit:21:instance:U1500"", ""circuit:21:instance:U1802"", ""circuit:21:instance:U1803"", ""circuit:21:pin_mapping:U1500"", ""circuit:21:pin_mapping:U1802"", ""document:1df5e4ce3f22f944"", ""document:44c4021cbbe6e903"", ""document:7a6ae2179c8765b3"", ""document:ac72bb1a220bade2"", ""document:c9de70b50adbca8c"", ""document:d59fddc6838a7925"", ""document:f57a25ce2df13fee""]}",0.8974642113185478,0.5503832954909532,1.0,not_applicable,0.6388888888675925,1.0,1.0,0.9,not_applicable
hw-v1-multihop-eth-power,success,以太网 PHY 的 1.0V 电源如何一级级供出来？,供电链路为 VCC3V3 → U1500（TPS22918，ON=MCU_3V3_ETH_EN）→ VCC3V3_ETH → U1501（TPS74501 LDO）→ VCC1V0_ETH。,"**直接结论：**  
以太网PHY的1.0V电源由 **VCC1V0_ETH** 提供，其供电链路为：  
**KL30（12V电池）→ EMI滤波 → LN10046（一级DC-DC）→ VCC3V3 → U1500（TPS22918负载开关，受MCU_3V3_ETH_EN控制）→ VCC3V3_ETH → U1501（电源转换芯片）→ VCC1V0_ETH**。

**支撑证据：**  
1. **电源树路径**（电路设计证据13）：  
   - `VCC3V3 -> U1500 (20181204001), controls: MCU_3V3_ETH_EN -> VCC3V3_ETH`  
   - `VCC3V3_ETH -> U1501 (2025011410722), controls: VCC3V3_ETH -> VCC1V0_ETH`  
   明确说明VCC1V0_ETH由U1501从VCC3V3_ETH转换得到，上游VCC3V3_ETH由U1500从VCC3V3切换得到。  

2. **模块方案描述**（文档证据10）：  
   - “VCC3V3 to VCC3V3_ETH用于ETH供电，现选择负载开关方案。用MCU的P21.0引脚使能该芯片。”  
   - 该负载开关即为U1500（TPS22918），输入VCC3V3，输出VCC3V3_ETH。  

3. **VCC1V0_ETH电压要求**（文档证据6）：  
   - “MCU采样以太网的VCC1V0_ETH电源电压，精度要求：0.9V～1.1V（仅当使用千兆以太网时采样）。”  
   该网络即为以太网PHY的1.0V电源轨，电压范围0.9V~1.1V。  

**缺失信息：**  
- U1501的具体型号（如LDO或DC-DC型号）及电流能力未在证据中明确。  
- 一级DC-DC LN10046的详细转换关系（KL30→VCC3V3）在证据12、10中提及，但未给出具体电路连接图。  
- 以太网PHY芯片（DP83TC812R）的1.0V供电要求（如电流、纹波）未在证据中体现。","**直接结论：**  
以太网PHY的1.0V电源由 **VCC1V0_ETH** 提供，其供电链路为：  
**KL30（12V电池）→ EMI滤波 → LN10046（一级DC-DC）→ VCC3V3 → U1500（TPS22918负载开关，受MCU_3V3_ETH_EN控制）→ VCC3V3_ETH → U1501（电源转换芯片）→ VCC1V0_ETH**。

**支撑证据：**  
1. **电源树路径**（电路设计证据13）：  
   - `VCC3V3 -> U1500 (20181204001), controls: MCU_3V3_ETH_EN -> VCC3V3_ETH`  
   - `VCC3V3_ETH -> U1501 (2025011410722), controls: VCC3V3_ETH -> VCC1V0_ETH`  
   明确说明VCC1V0_ETH由U1501从VCC3V3_ETH转换得到，上游VCC3V3_ETH由U1500从VCC3V3切换得到。  

2. **模块方案描述**（文档证据10）：  
   - “VCC3V3 to VCC3V3_ETH用于ETH供电，现选择负载开关方案。用MCU的P21.0引脚使能该芯片。”  
   - 该负载开关即为U1500（TPS22918），输入VCC3V3，输出VCC3V3_ETH。  

3. **VCC1V0_ETH电压要求**（文档证据6）：  
   - “MCU采样以太网的VCC1V0_ETH电源电压，精度要求：0.9V～1.1V（仅当使用千兆以太网时采样）。”  
   该网络即为以太网PHY的1.0V电源轨，电压范围0.9V~1.1V。  

**缺失信息：**  
- U1501的具体型号（如LDO或DC-DC型号）及电流能力未在证据中明确。  
- 一级DC-DC LN10046的详细转换关系（KL30→VCC3V3）在证据12、10中提及，但未给出具体电路连接图。  
- 以太网PHY芯片（DP83TC812R）的1.0V供电要求（如电流、纹波）未在证据中体现。","[""Power conversion path: VCC50 -> L1203 (20181214012) -> VCC50_CAN; VCC3V3_SW -> L1703 (20190326003) -> VCC3V3_MCU; EQ_1V8_OTP -> L600 (20171112001) -> VCC1V8_EQ; EQ_1V8_TSENS -> L601 (20171112001) -> VCC1V8_EQ; EQ_1V8_PLLS -> L602 (20171112001) -> VCC1V8_EQ; EQ_1V8_DDR_PLLS -> L603 (20171112001) -> VCC1V8_EQ; EQ_1V8_XTAL -> L604 (20171112001) -> VCC1V8_EQ; VCC3V3 -> U1500 (20181204001), controls: MCU_3V3_ETH_EN -> VCC3V3_ETH; VCC3V3_ETH -> U1501 (2025011410722), controls: VCC3V3_ETH -> VCC1V0_ETH; UBD_PR -> U1502 (20220110007), controls: UBD_PR -> VCC_3V3_ETHPSD; VCC3V3 -> U1700 (20200424007) -> VCC50; VCC3V3 -> U1802 (20181204001), controls: MCU_3V3_EQ_EN -> VCC3V3_EQ; VCC1V8 -> U1803 (20181204001), controls: MCU_1V8_EQ_EN -> VCC1V8_EQ."", ""Net PHY_MDIN connects R1434.&1, R1435.&1, U1400.TRD_M."", ""Net PHY_MDIP connects R1432.&1, R1433.&1, U1400.TRD_P."", ""Net PHY_RESET_N_P22.3 connects C1422.&2, R1402.&1, TP1401.&1, U1400.RESET_N, U900E.P22.3/ASCLIN5_ARXC/QSPI3_SCLKD/QSPI3_SCLK."", ""Net PHY_WAKE_P21.5 connects R1421.&1, R1439.&2, TP1402.&1, U1400.WAKE, U900E.P21.5/ASCLIN11_ARXF/ASCLIN3_ASCLK/ASCLIN11_ATX/HSCT0_TXDP."", ""Net MCU_CAM_ERRORFLAG connects TP548.&1, U400-9.GPIO_A29_TIMER_EXT1_OUTCMP2, X1903.&14."", ""Net MONITOR_CLK connects C503.&1, R546.&2, U400-9.GPIO_A30_EXT_CLK."", ""Net VCC1V0_ETH connects C1420.&1, C1506.&1, C1507.&1, L1403.&2, R1146.&1, R1504.&2, TP1503.&1, U1501.OUT."", ""Instance D1606: S1J, 20190402010, BAS521-Q, SOD523X65-2_V01."", ""Instance D1608: S1J, 20190402010, BAS521-Q, SOD523X65-2_V01."", ""Instance D1609: S1J, 20190402010, BAS521-Q, SOD523X65-2_V01."", ""Instance D1611: S1J, 20190402010, BAS521-Q, SOD523X65-2_V01."", ""Instance D1612: S1J, 20190402010, BAS521-Q, SOD523X65-2_V01."", ""Instance D1613: S1J, 20190402010, BAS521-Q, SOD523X65-2_V01."", ""Module Group 14 · Ethernet/PHY uses net B_D_ETH_1000_N."", ""Module Group 14 · Ethernet/PHY uses net B_D_ETH_1000_P."", ""Module Group 14 · Ethernet/PHY uses net B_D_ETH_100_N."", ""Module Group 14 · Ethernet/PHY uses net B_D_ETH_100_P."", ""<table><tr><td>HM ID</td><td>F24</td></tr><tr><td>运行模式\nOperation Mode</td><td>正常模式、复位模式，待机模式，断电模式，休眠模式\nNormal mode, reset mode, standby mode, power off mode, sleep mode</td></tr><tr><td>模式定义\nDefinition of Operation mode</td><td>1、\t正常模式\n模块上电，正常运行模式，以太网收发正常。MDIO可以访问，Link处于连接状态。\n2、\t复位模式\nUV或Reset event时，PHY芯片将进行复位，在Reset期间将无法LINKUP，MDIO无法总线访问\n待机模式\n仅当PHY为MASTER且配置成管理模式时，上电自动进入待机模式。如果是自动模式，上电后自动进入正常模式。\n4、\t断电模式\n当任何一个电源轨低于POR阈值（0.6V）时，PHY处于断电状态，所有数字IO都将保持高阻态。\n休眠模式\n当有休眠指令且MDI总线空闲时，将进入休眠模式，除了能量检测外，禁用所有PHY模块。在睡眠模式下，所有寄存器配置都会丢失。\nNormal mode\nPower on，Normal Run mode, Ethernet transceiver is normal. MDIO is accessible and Link is in a connected state.\nReset mode\nUV or Reset event, the PHY chip will Reset, during reset will not be able to LINKUPMDIO cannot bus access.\nStandby mode\nThe device will automatically enter standby mode upon power-up only if*the PHY is configured in Master mode and set to managed mode. If the PHY operates in auto mode, it will automatically enter normal mode after power-on.\n4. Sleep mode\nThe PHY enters sleep mode when a sleep command is issued and the MDI bus is idle. In this mode, all PHY modules are disabled except for energy detection functionality. Note that all register configurations will be lost during sleep mode.</td></tr><tr><td>模式切换接口\nMode switching interface</td><td></td></tr><tr><td>模式状态机\nMode state machine</td><td></td></tr><tr><td>模式切换条件\nMode switching condition</td><td>参考：\n产品系统需求规格说明\n产品系统方案设计说明书\nReference: \nProduct system requirement specification \nProduct system scheme design specification.</td></tr><tr><td>备注\nNote</td><td></td></tr></table>"", ""<table><tr><td>电源轨</td><td colspan='2'>软件设置阈值</td></tr><tr><td>电源轨</td><td>Min</td><td>Max</td></tr><tr><td>VCC3V3_EQ</td><td>2.884</td><td>3.782</td></tr><tr><td>VCC1V8</td><td>1.613</td><td>2.012</td></tr><tr><td>VCC1V8_EQ</td><td>1.613</td><td>2.012</td></tr><tr><td>VCC1V1</td><td>0.993</td><td>1.253</td></tr><tr><td>VCC0V75</td><td>0.673</td><td>0.836</td></tr><tr><td>0V75_MIPI_DDR</td><td>0.658</td><td>0.842</td></tr><tr><td>VCC3V3_CAM</td><td>2.884</td><td>3.782</td></tr><tr><td>VCC1V8_CAM</td><td>1.603</td><td>2.023</td></tr><tr><td>VCC1V1_CAM</td><td>0.9335</td><td>1.284</td></tr><tr><td>VCC50</td><td>4.379</td><td>5.721</td></tr><tr><td>VCC3V3_ETH</td><td>2.731</td><td>3.961</td></tr></table>"", ""<table><tr><td>HM ID</td><td>F14</td></tr><tr><td>模块功能 \nModule Function</td><td>VCC3V3转VCC0V75应用于EQ6的内核供电，要求输出电流能力大，现选型TI的方案TPS62872。\nVCC3V3 to VCCOV75 is applied to the kernel power supply of EQ6, which requires large output current capacity. TI's scheme TPS62872 is selected.</td></tr><tr><td>模块框图\nModule diagram</td><td></td></tr><tr><td>模块方案\nModule solution</td><td>\t采用TPS62872电源芯片，将VCC3V3转换为VCC0V75，提供给EQ6核电供电。用MCU的P22.0引脚使能芯片，用MCU_SDA_P15.5，MCU_SCL_P15.4引脚I2C通信来设置输出电压和通信。\nTPS62872 power chip is used to convert VCC3V3 to VCCOV75, which is supplied to EQ nuclear power supply. P22.0 pin of MCU is used to enable chip, MCU_SDA_P15.5, MCU_SCL_P15.4 pin I2C communication is used to set output voltage and communication. +</td></tr></table>"", ""\nNone：YYYY年MM月DD日发布\nReleased on DD/MM/YYYY; 文件编号File No：6XXXXXXXX_BBB_HW_IP_00X\n保存期限：产品生命周期加1个日历年；如属安全件，保存15个日历年以上\nRetention period:Product life cycle +1 calendar year.\nIf it is a safety part, keep it for more than 15 calendar years\n密级：内部\nSecurity level：Internal：YYYY年MM月DD日实施\nImplemented on DD/MM/YYYY ——封面Cover\nNone：北京经纬恒润科技股份有限公司\nBeijing Jingwei Hirain Technologies Co., Inc. ——封面Cover\nECU Connector：Pin No.; None：Pin Desc.; None：Signal Type; HW Interface Component ：ASIL; None：HW ID / Name; None：Characteristic; MCU Component ：HW ID; None：Pin ASIL; None：Trace; None：MCU Pin; None：Port Pin; None：Pin Name; None：Pin Function; None：Peripheral; None：Register; None：Direction; None：Function\nDescription; None：Default status after reset release; None：Standby/sleep state Settings ——Port1\nMCU Component ：/ Name; None：Solution ID; None：No.; None：Group; None：Name / Channel; None：Name ——Port1\nECU Connector：X1900-1; None：UBD; None：POWER; HW Interface Component ：QM; None：F06/KL30 sample; None：UBD供电要求范围：9~16VDC，要求MCU通过ADC对UBD电源电压进行采样和监控，实现电源管理功能。; MCU Component ：F01/ MCU; None：QM; None：K5; None：P00.10; None：P00.10/GTM_TIM4_IN1_11/GTM_TIM1_IN1_1/GTM_TIM0_IN1_1/GTM_TOUT19/EVADC_G9CH2; None：GPIO; None：MCU_UB_SW_P00.10; None：/; None：O; None：KL30电源电压ADC采样控制信号\n高：打开通道，ADC可以采集\n低：关闭通道，ADC不可以采集; None：HI-Z，硬件外部下拉; None：—; SW Variable Name or SW Function Name：— ——Port1"", ""\nNone：MCU采样以太网的VCC3V3_ETH电源电压\n精度要求：3.135V～3.465V; MCU Component ：F01/ MCU; None：QM; None：W8; None：AN8; None：AN8/EVADC_G11CH4/EVADC_G1CH0; None：ADC，分辨率10bit; None：3V3_ETH_ACQ; None：/; None：I; None：ETH 3V3电压采样\nU3V3_ETH_ACQ=3.3*ADC值/1024\nU3V3_ETH=U3V3_ETH_ACQ/分压比，分压比=1/2\n精度要求：3.3V±10%; None：HI-Z; None：—; SW Variable Name or SW Function Name：— ——Port1\nHW Interface Component ：B; None：F08/EQ system power sample1; None：MCU采样EQ6L系统的VCC3V3_EQ电源电压\n精度要求：3V3±5%; MCU Component ：F01/ MCU; None：B; None：W9; None：AN2; None：AN2/EVADC_G0CH2/EDSADC_EDS0PA; None：ADC，分辨率10bit; None：3V3_EQ_ACQ; None：/; None：I; None：EQ 3V3电压采样\nU3V3_EQ_ACQ=3.3*ADC值/1024\nU3V3_EQ=U3V3_EQ_ACQ/分压比，分压比=1/2\n精度要求：3.3V±5%; None：HI-Z; None：—; SW Variable Name or SW Function Name：— ——Port1\nNone：MCU采样EQ6L系统的VCC1V8电源电压\n精度要求：1V8±5%; MCU Component ：F01/ MCU; None：B; None：U9; None：AN3; None：AN3/EVADC_G0CH3/EDSADC_EDS0NA; None：ADC，分辨率10bit; None：1V8_ACQ; None：/; None：I; None：1V8电压采样\nU1V8_ACQ=3.3*ADC值/1024\n精度：1V8±5%\n硬件滤波截止频率：≥121.7Hz\n硬件滤波时间：≤1.6ms; None：HI-Z; None：—; SW Variable Name or SW Function Name：— ——Port1"", ""\nNone：MCU外挂20MHz晶体; MCU Component ：F01/ MCU; None：B; None：M20; None：XTAL1; None：XTAL /VEXT; None：CLOCK; None：——; None：/; None：I; None：MCU的时钟信号输入; None：I; None：—; SW Variable Name or SW Function Name：— ——Port1\nMCU Component ：F01/ MCU; None：B; None：M19; None：XTAL2; None：XTAL /VEXT; None：CLOCK; None：——; None：/; None：O; None：MCU的时钟驱动信号输出; None：O; None：—; SW Variable Name or SW Function Name：— ——Port1\nHW Interface Component ：QM; None：F09/ETH and CAN power samp2; None：MCU采样CAN的VCC50电源电压，精度要求：5V±5%; MCU Component ：F01/ MCU; None：QM; None：U10; None：AN1; None：AN1/EVADC_G0CH1/EDSADC_EDS3NA; None：ADC，分辨率10bit; None：VCC50_ACQ; None：/; None：I; None：5V电压采样\nU5V0_ACQ=3.3*ADC值/1024\nU5V0=U5V0_ACQ/分压比，分压比=1/2\n精度要求：5V±10%; None：HI-Z; None：—; SW Variable Name or SW Function Name：— ——Port1\nNone：MCU采样以太网的VCC1V0_ETH电源电压\n精度要求：0.9V～1.1V\n（仅当使用千兆以太网时采样）; MCU Component ：F01/ MCU; None：QM; None：U7; None：AN9; None：AN9/EVADC_G11CH5/EVADC_G1CH1; None：ADC，分辨率10bit; None：1V0_ETH_ACQ; None：以太网1V0电压采样\nU1V1_ACQ=3.3*ADC值/1024\n精度：0.95~1.1V\n硬件滤波截止频率：≥121.7Hz\n硬件滤波时间：≤1.6ms; None：HI-Z; None：—; SW Variable Name or SW Function Name：— ——Port1"", ""<table><tr><td>HM ID</td><td>F02/F03/F04/F28</td></tr><tr><td>模块功能 \nModule Function</td><td>EYEQ6-L最小系统组成：外部30MHz晶体给EYEQ6-L提供基本时钟输入，外部20MHz有源晶振提供监控时钟，外扩OSPI接口的2Gb NAND FLASH存储程序，外扩1GB的LPDDR4运存。NXB0104是用于MCU的3V3_SPI和NAND FLASH的1V8_SPI进行电平转换，用于MCU读写NAND FLASH。\nEYEQ6-L minimum system components: an external 30MHz crystal provides the basic clock input for EYEQ6-L, an external 20MHz active crystal provides the monitoring clock, an external 2GbNAND FLASH memory program for OSPI interface, and an external 1GB LPDDR4 operation memory. NXB0104 is used for level conversion of 3V3_SPI of MCU and 1V8-SPI of NAND FLASH for MCU to read and write NAND FLASH.</td></tr><tr><td>模块框图\nModule diagram</td><td></td></tr><tr><td>模块方案\nModule solution</td><td>\n1、处理器\n根据ADAS产品需求图像处理SOC功能安全需要达到ASIL-B，经综合评估选择Mobileye产品EYEQ6-L，最高功能安全可达到ASIL-B，接口资源丰富。\n1.Processor\nAccording to the requirements of ADAS products, the functional safety of image processing SOC needs to reach ASIL-B. After comprehensive evaluation, Mobileye product EYEQ6-L is selected, and the highest functional safety can reach ASIL-B with abundant interface resources. +\n2、时钟\n硬件选型30MHz晶振给EYEQ6-L提供时钟输入，由其内部PLL等电路完成倍频、分频，供其内核和各模块使用。外部20MHz有源晶振作为内部监控时钟。\n2.Clock\nThe 30MHz crystal provides clock input to the EYEQ6-L, and its internal PLL circuit completes frequency multiplication and frequency division for the EyeQ6-L core and each module. The external 20MHz active crystal is energized as an internal monitoring clock.\n3、DDR\nEYEQ6在外扩的DDR中运行程序和存储临时数据，其DDR控制器可支持32bits位宽的LPDDR4 SDRAM，最大读写速率4266 Mb/s/pin 。本设计中选用1片32bit的LPDDR4 SDRAM，型号为车规级器件K4F8E3S4HD-GHCL02V，以充分利用数据带宽，保证EYEQ6的处理速度，LPDDR4工作环境温度为-40℃~105℃，单片总容量1GB。\n3.DDR\nEYEQ6 runs programs and stores temporary data in the extended DDR. Its DDR controller supports LPDDR4 SDRAM with 32bits wide and a maximum read/write rate of 4266Mb/s/pin. In this design, a 32bit LPDDR4 SDRAM is selected, the model is car grade device K4F8E3S4HD-GHCLO2V, in order to make full use of the data bandwidth and ensure the processing speed of EYEQ6. The working environment temperature of LPDDR4 is -40℃-105℃, and the total capacity of a single chip is 1GB.\n\n\n4、NAND FLASH\n选择ME推荐的WinBond公司产品W35N02JWTBKF，容量2Gb，FLASH支持CRC安全机制。\nNXB0104是用于MCU的3V3_ SPI和NAND FLASH的1V8_ SPI进行电平转换，通过MCU_SPI1_CS片选电平转换芯片，实现MCU对NAND FLASH的读写操作，转换芯片在本应用场景下支持最大传输速率80Mbps。\nNAND FLASH\nChoose the WinBond company product W35N02JWTBKF recommended by ME, with a capacity of 2Gb and FLASH supporting CRC security mechanism. \nNXB0104 is used for the level conversion of 3V3_SPI of MCU and 1V8_SPI of NAND FLASH. The level conversion chip is selected by MCU_SPI1_CS chip to realize the reading and writing operation of MCU to NAND FLASH. The converter chip supports a maximum transmission rate of 80Mbps in this application scenario. \n5、电源和复位\nEYEQ6-L需要6路电源：VCC3V3_EQ、VCC0V75、0V75_MIPI_DDR、VCC1V8、VCC1V1、VCC1V8_EQ，其中VCC0V75用于给内核供电。复位信号由MCU通过P02.4口进行控制。\nPower and reset\nEYEQ6-L requires six power sources: VCC3V3-EQ, VCCOV75, OV75_MIPI_DDR, VCC1V8, VCC1V1, VCC1V8_EQ, where VCCOV75 is used to power the core. The reset signal is controlled by the MCU through the P02.4 pin.</td></tr></table>"", ""<table><tr><td>序号</td><td>模块序号</td><td>模块名称</td><td>功能定义</td><td>功能安全需求</td></tr><tr><td>1</td><td>F013</td><td>POWER</td><td>LP87702，VCC3V3电压输入，VCC1V1、VCC1V8、VCC50电压输出</td><td>QM(B)</td></tr><tr><td>1</td><td>F01</td><td>MCU</td><td>SAK-TC377TP-96F300S AA</td><td>B(B)</td></tr><tr><td>1</td><td>F08</td><td>EQ system power sample1</td><td>EQ6L系统供电电源电压ADC采样滤波、分压电路</td><td>B(B)</td></tr><tr><td>2</td><td>F14</td><td>POWER</td><td>TPS62872，VCC3V3电压输入，VCC0V75电压输出，EQ6L核电供电</td><td>QM(B)</td></tr><tr><td>2</td><td>F01</td><td>MCU</td><td>SAK-TC377TP-96F300S AA</td><td>B(B)</td></tr><tr><td>2</td><td>F08</td><td>EQ system power sample</td><td>EQ6L系统供电电源电压ADC采样滤波、分压电路</td><td>B(B)</td></tr><tr><td>3</td><td>F15</td><td>POWER</td><td>SA23002，VCC3V3输入，0V75_MIPI_DDR电压输出</td><td>QM(B)</td></tr><tr><td>3</td><td>F01</td><td>MCU</td><td>SAK-TC377TP-96F300S AA</td><td>B(B)</td></tr><tr><td>3</td><td>F08</td><td>EQ system power sample</td><td>EQ6L系统供电电源电压ADC采样滤波、分压电路</td><td>B(B)</td></tr><tr><td>4</td><td>F16</td><td>POWER</td><td>TPS22918负载开关，VCC3V3电压输入，VCC3V3_EQ输出</td><td>QM(B)</td></tr><tr><td>4</td><td>F01</td><td>MCU</td><td>SAK-TC377TP-96F300S AA</td><td>B(B)</td></tr><tr><td>4</td><td>F08</td><td>EQ system power sample</td><td>EQ6L系统供电电源电压ADC采样滤波、分压电路</td><td>B(B)</td></tr></table>"", ""\nNone：U20; None：P23.2; None：P23.2/GTM_TIM1_IN6_5/GTM_TIM0_IN6_5/GTM_TOUT43/CAN12_TXD; None：GPIO; None：MCU_RST_FLASH_P23.2; None：/; None：O; None：FLASH复位信号\n低：FLASH复位\n高：FLASH进入工作状态; None：HI-Z，硬件外部下拉; None：—; SW Variable Name or SW Function Name：— ——Port1\nNone：未使用; MCU Component ：F01/ MCU; None：NA; None：/; None：D7; None：P11.14; None：P11.14/GTM_TIM4_IN7_4/GTM_TIM2_IN7_8/GETH_CRSDVB/GETH_RXDVB/GETH_CRSA/GTM_TOUT126; None：GPIO; None：MCU_ETH_CFG1_P11.14; None：/; None：I; None：CFG1：BOM配置，判断是否有以太网\n高：TBD\n低：TBD; None：HI-Z; None：—; SW Variable Name or SW Function Name：— ——Port1\nNone：未使用; MCU Component ：F01/ MCU; None：NA; None：/; None：D6; None：P11.15; None：P11.15/GTM_TIM4_IN7_5/GTM_TIM0_IN7_8/GETH_COLA/GTM_TOUT127; None：GPIO; None：MCU_ETH_CFG2_P11.15; None：/; None：I; None：CFG2：BOM配置，判断以太网接口类型\n高：TBD\n低：TBD; None：HI-Z; None：—; SW Variable Name or SW Function Name：— ——Port1\nHW Interface Component ：QM(B); None：F13/POWER; None：1、LP87702实现VCC3V3转VCC1V8、VCC1V1、VCC50三路电源输出\n2、LP87702的VCC50由MCU的GPIO控制使能和关断，VCC1V8、VCC1V1由MCU的I2C控制使能和关断。\n3、预留中断信号用于MCU辅助监控LP87702的工作状态。\n4、MCU可以通过I2C监控和管理LP87702的状态。; MCU Component ：F01/ MCU; None：QM; None：B17; None：P15.3; None：P15.3/GTM_TIM3_IN6_4/GTM_TIM2_IN6_4/CAN01_RXDA/QSPI2_SCLKA/GTM_TOUT74/QSPI2_SCLK/MSC0_EN1; None：GPIO; None：MCU_5V_EN; None：/; None：O; None：VCC50（LP87702）电源使能控制信号\n高：使能VCC50电压输出\n低：关断VCC50电压输出; None：HI-Z，硬件外部下拉; None：—; SW Variable Name or SW Function Name：— ——Port1"", ""<table><tr><td>HM ID</td><td>F11/F12/F13/F14/F15/F16/F17/F18/F19/F25/F27</td></tr><tr><td>模块功能 \nModule Function</td><td>系统使用车载电池12V电压供电，经过EMI电路后输入至电源转换芯片，转换输出系统各模块所需电源。\nThe system uses 12V voltage power supply from the vehicle battery, which is input to the power conversion chip through the EMI circuit. Then the power conversion chip convert and output the power required by each module of the system.</td></tr><tr><td>模块框图\nModule diagram</td><td></td></tr><tr><td>模块方案\nModule solution</td><td>KL30 EMI (ASIL-B)\nKL30供电口处增加EMI电路，用于供电保护和滤波。硬件电路设计在UBD网络增加两个串联ESD电容，PCB布局靠近主连接器引脚处，用于吸收外部ESD信号，后端增加双向TVS管用于瞬态过压保护\nThe EMI circuit is added at the KL30 power supply port for power supply protection and filtering. The hardware circuit design adds two series ESD capacitors in the UBD network, the PCB layout is close to the main connector pin for absorbing external ESD signals, and the two-way TVS tube is added at the back end for transient overvoltage protection.\nKL30 to VCC3V3 (ASILB)\nKL30转VCC3V3是系统一级DC-DC，给MCU提供VCC3V3_MCU电源，所以系统要求其满足ASILB，确保MCU功能安全。\nKL30 to VCC3V3 is a system primary DC-DC chip, because the MCU needs VCC3V3_MCU power supply, so the system requires it to meet the ASILB to ensure the functional safety of the MCU.\nVCC3V3_MCU to VCC1V25_MCU(ASILB)\n3V3转1V25_MCU是使用MCU内置控制器进行控制的BUCK电源，用于MCU的核供电，功能安全需求达到ASILB，确保MCU功能安全。\n3V3 to 1V25_MCU is a BUCK power supply controlled by MCU built-in controller, which is used for MCU nuclear power supply. Functional safety requirements meet ASILB to ensure the functional safety of MCU.\nVCC3V3 to VCC0V75(QM(B))\nVCC3V3转VCC0V75应用于EQ6的内核供电，要求输出电流能力大，现选型TI的电源方案TPS62872。用MCU的P22.0引脚使能芯片，用MCU_SDA_P15.5，MCU_SCL_P15.4引脚I2C通信来设置输出电压和通信。\nVCC3V3 to VCC0V75 is applied to the core power supply of EQ6, which requires large output current capacity. The power supply scheme TPS62872 of TI is selected. P22.0 pin of MCU is used to enable the chip, and MCU_SDA_P15.5, MCU_SCL_P15.4 pin I2C communication is used to set the output voltage and communication. \nVCC3V3 to 0V75_MIPI_DDR(QM(B))\nVCC3V3转0V75_MIPI_DDR用于EQ6的IO口供电，现使用矽力杰的SA23002进行设计。用MCU的P22.1引脚使能该芯片。\nVCC3V3 to 0V75_MIPI_DDR for EQ6 IO port power supply, Silergy’s SA23002 is designed. The P22.1 pin of the MCU is used to enable the chip.\nVCC3V3转VCC1V8、VCC1V1、VCC50(QM(B))\nVCC1V8用于EQ6、CAM、DDR、FLASH供电，VCC1V1用于EQ6、DDR供电，VCC50用于CAN收发器供电，现选择LP87702 PMIC方案。用MCU的P15.3引脚使能该芯片的5V输出，用MCU_SCL_P15.4，MCU_SDA_P15.5 I2C通信来设置1.8V和1.1V输出电压和使能。\nVCC1V8 is used for EQ6, CAM, DDR, FLASH power supply, VCC1V1 is used for EQ6, DDR power supply, VCC50 is used for CAN transceiver  power supply, LP87702 PMIC scheme is selected. P15.3 pin of MCU is used to enable 5V output of the chip, and MCU_SCL_P15.4, MCU_SDA_P15.5 I2C communication is used to set 1.8V and 1.1V output voltage and enable it. \nVCC3V3 to VCC3V3_EQ(QM(B))\nVCC3V3转VCC3V3_EQ用于EQ6的IO和摄像头供电，现使用负载开关进行设计。用MCU的P20.3引脚使能该芯片。\nVCC3V3 to VCC3V3_EQ for EQ6’s IO and camera power supply, now using the load switch is designed. .The P20.3 pin of the MCU is used to enable the chip.\n\tVCC3V3 to VCC3V3_ETH(QM)\n3V3转3V3_ETH用于ETH供电，现选择负载开关方案。用MCU的P21.0引脚使能该芯片。\n3V3 to 3V3_ETH for ETH power supply, the load switch scheme is selected. . The P21.0 pin of the MCU is used to enable the chip.\n\tVCC1V8 to VCC1V8_EQ(QM(B))\nVCC1V8转VCC1V8_EQ用于EQ供电，现选择负载开关方案。用MCU的P20.0引脚使能该芯片。\nVCC1V8 to VCC1V8_EQ for EQ power supply, the load switch scheme is selected. . The P20.0 pin of the MCU is used to enable the chip.</td></tr><tr><td colspan='2'></td></tr></table>"", ""<table><tr><td>HM ID</td><td>F13</td></tr><tr><td>模块功能 \nModule Function</td><td>VCC1V8用于EQ6、CAM、DDR、FLASH供电。VCC1V1用于EQ6、DDR供电。VCC50用于CAN收发器供电，现选择LP87702 PMIC方案。\nVCCIV8 is used to power EQ6, CAM, DDR, FLASH.VCC1V1 is used to power EQ6,DDR. VCC50 is used for CAN transceiver power supply, now choose LP87702 PMIC scheme. \n</td></tr><tr><td>模块框图\nModule diagram</td><td></td></tr><tr><td>模块方案\nModule solution</td><td>\n采用LP87702芯片，将VCC3V3转换为VCC1V8、VCC1V1、VCC50，其中VCC1V8用于EQ6、CAM、DDR、FLASH供电，VCC1V1用于EQ6、DDR供电，VCC50用于CAN收发器供电。用MCU的P15.3引脚使能该芯片的5V输出，用MCU_SCL_P15.4，MCU_SDA_P15.5 I2C通信来设置1.8V和1.1输出电压和使能。用MCU的P12.1引脚复位该芯片。\nLP87702 chip is used to convert VCC3V3 into VCC1V8, VCC1V1 and VCC50, in which VCC1V8 is used for EQ6, CAM, DDR and FLASH power supply, VCC1V1 is used for EQ6 and DDR power supply, and VCC50 is used for CAN transceiver power supplyP15.3 pin of MCU is used to enable 5V output of the chip, and MCU_SCL_P15.4, MCU_SDA_P15.5 I2C communication is used to set 1.8V and 1.1 output voltage and enable it. Reset the chip with P12.1 pin of the MCU. </td></tr></table>"", ""<table><tr><td>模块序号\nModule number</td><td>模块名称\nModule name</td><td>功能定义\nFunction definition.</td><td>功能安全需求\nFunctional safety requirements</td></tr><tr><td>F01</td><td>MCU</td><td>SAK-TC377TP-96F300S AA</td><td>B(B)</td></tr><tr><td>F02</td><td>EYEQ6-L</td><td>EYEQ6-L，用于sensor的视频处理</td><td>B</td></tr><tr><td>F03</td><td>EYEQ6_LPDDR4</td><td>EQ6的1GB LPDDR4</td><td>B</td></tr><tr><td>F04</td><td>EYEQ6_NAND FLASH</td><td>EQ6的2Gb NAND FLASH</td><td>B</td></tr><tr><td>F05</td><td>CAM SENSOR</td><td>Sony 728摄像头模组</td><td>B</td></tr><tr><td>F06</td><td>KL30 sample</td><td>KL30电压采样</td><td>QM</td></tr><tr><td>F07</td><td>KL15 sample</td><td>KL15电压采样</td><td>QM</td></tr><tr><td>F08</td><td>EQ system power sample1</td><td>EQ6L系统供电电源电压ADC采样滤波、分压电路</td><td>B(B)</td></tr><tr><td>F09</td><td>ETH and CAN power sample2</td><td>CAN和ETH电源电压ADC采样滤波、分压电路</td><td>QM</td></tr><tr><td>F10</td><td>NTC temp sensor</td><td>NTC温度传感器，监控EQ6L/LPDDR4周边环境温度。</td><td>B</td></tr><tr><td>F11</td><td>KL30 EMI</td><td>KL30供电口EMI滤波电路.</td><td>B</td></tr><tr><td>F12</td><td>POWER</td><td>LN10046，KL30电源转VCC3V3电源</td><td>B</td></tr><tr><td>F13</td><td>POWER</td><td>LP87702，VCC3V3电压输入，VCC1V1、VCC1V8、VCC50电压输出</td><td>QM(B)</td></tr><tr><td>F14</td><td>POWER</td><td>TPS62872，VCC3V3电压输入，VCC0V75电压输出</td><td>QM(B)</td></tr><tr><td>F15</td><td>POWER</td><td>SA23002，VCC3V3输入，VCC0V75电压输出</td><td>QM(B)</td></tr><tr><td>F16</td><td>POWER</td><td>TPS22918负载开关，VCC3V3电压输入，VCC3V3_EQ输出</td><td>QM(B)</td></tr><tr><td>F17</td><td>POWER</td><td>TPS22918负载开关，VCC3V3输入，VCC3V3_ETH输出</td><td>QM</td></tr><tr><td>F18</td><td>overvoltage protect</td><td>用于MCU电源VCC3V3_MCU的外部过压保护</td><td>B</td></tr><tr><td>F19</td><td>POWER</td><td>TPS22918 负载开关，VCC1V8电压输入，VCC1V8_EQ电压输出</td><td>QM(B)</td></tr><tr><td>F20</td><td>CAN3</td><td>基于TCAN1145的CAN通讯，硬件支持特定报文唤醒</td><td>QM</td></tr><tr><td>F21</td><td>CAN2</td><td>基于TCAN1044A的CAN通讯.</td><td>QM</td></tr><tr><td>F22</td><td>CAN1</td><td>基于TCAN1044A的CAN通讯</td><td>QM</td></tr><tr><td>F23</td><td>CAN0</td><td>基于TCAN1044A的CAN通讯.</td><td>QM</td></tr><tr><td>F24</td><td>ETH</td><td>基于DP83TC812R的100BASE-T1通讯</td><td>QM</td></tr><tr><td>F25</td><td>Wake up</td><td>唤醒源和一级电源使能电路设计</td><td>QM</td></tr><tr><td>F26</td><td>watchdog</td><td>LP87702的看门狗功能，用于监控MCU运行状态</td><td>B</td></tr><tr><td>F27</td><td>POWER</td><td>VCC3V3_MCU转VCC1V25_MCU电压，由MCU的EVRC进行控制。</td><td>B</td></tr><tr><td>F28</td><td>level translation</td><td>3V3和1V8双向电压转换芯片</td><td>QM</td></tr></table>""]","{""original_context_count"": 30, ""original_context_characters"": 21396, ""scored_context_count"": 4, ""scored_context_characters"": 2054, ""contexts_truncated"": true, ""context_selection"": ""claim_coverage"", ""selected_evidence_ids"": [""document:aad8bd920bc191c1""], ""selected_claim_ids"": [""sq_1:claim_1"", ""sq_2:claim_1""], ""excluded_evidence_ids"": [""circuit:21:instance:D1606"", ""circuit:21:instance:D1608"", ""circuit:21:instance:D1609"", ""circuit:21:instance:D1611"", ""circuit:21:instance:D1612"", ""circuit:21:instance:D1613"", ""circuit:21:module_connection:Group 14 · Ethernet/PHY:B_D_ETH_1000_N"", ""circuit:21:module_connection:Group 14 · Ethernet/PHY:B_D_ETH_1000_P"", ""circuit:21:module_connection:Group 14 · Ethernet/PHY:B_D_ETH_100_N"", ""circuit:21:module_connection:Group 14 · Ethernet/PHY:B_D_ETH_100_P"", ""circuit:21:net:MCU_CAM_ERRORFLAG"", ""circuit:21:net:MONITOR_CLK"", ""circuit:21:net:PHY_MDIN"", ""circuit:21:net:PHY_MDIP"", ""circuit:21:net:PHY_RESET_N_P22.3"", ""circuit:21:net:PHY_WAKE_P21.5"", ""circuit:21:net:VCC1V0_ETH"", ""circuit:21:power_topology:power_path"", ""document:0eb6659a764f4d29"", ""document:3e7520f6096ce557"", ""document:44c4021cbbe6e903"", ""document:52442775cd88bf71"", ""document:5e69a562758e3536"", ""document:a6f318d1053a4c7e"", ""document:aac59875b92ed6b0"", ""document:b6943ae371d76077"", ""document:e6627ad70c8cab97"", ""document:ed178b5d659e251d"", ""document:fff26d224ab88aef""]}",0.5573836717448813,0.41778661284982455,0.875,not_applicable,0.49999999995,0.0,1.0,0.35294117647058826,not_applicable
hw-v1-conflict-main-mcu,success,主控 MCU 是哪颗，型号是什么？,EDF 中 U900 为 SAK-TC367DP-64F300S，即 AURIX TC367；HSI 章节名称写作 TC377 最小系统。回答应披露 TC367 与 TC377 的来源差异，不能合并为无冲突的单一型号。,"主控MCU的型号存在证据冲突，无法确定唯一型号。

**证据冲突：**
- **取值1：TC367系列（SAK-TC367DP-64F300S AA）**  
  来源：电路设计文件 `825504380_ADAS_SCH_TCN2.EDF`，实例U900A、U900B、U900C、U900D、U900E的型号均为 `SAK-TC367DP-64F300S AA`（见证据[1]至[5]）。该文件中的网络名如 `CAN0_STB_MCU_SPI3_CS5_P02.8`、`CAN1_STB_MCU_SPI3_CS4_P00.2`、`CAN2_STB_MCU_SPI3_CS3_P00.5` 均包含“MCU”标识，且U900D的引脚连接关系表明其为主控芯片（见证据[6]至[8]）。

- **取值2：TC377系列（SAK-TC377TP-96F300S AA）**  
  来源：文档 `600608964_ADAS_HSI_0506_1952_shoulin.wang.docx`，模块功能描述中明确写出“32位MCU芯片TC377最小系统模块有SAK-TC377TP-96F300S AA主控芯片”（见证据[9]），模块列表（F01）中器件名称为 `SAK-TC377TP-96F300S AA`（见证据[16]）。

**缺失信息：** 无其他证据可调和上述冲突，需进一步确认实际设计所用芯片。","主控MCU的型号存在证据冲突，无法确定唯一型号。

**证据冲突：**
- **取值1：TC367系列（SAK-TC367DP-64F300S AA）**  
  来源：电路设计文件 `825504380_ADAS_SCH_TCN2.EDF`，实例U900A、U900B、U900C、U900D、U900E的型号均为 `SAK-TC367DP-64F300S AA`（见证据[1]至[5]）。该文件中的网络名如 `CAN0_STB_MCU_SPI3_CS5_P02.8`、`CAN1_STB_MCU_SPI3_CS4_P00.2`、`CAN2_STB_MCU_SPI3_CS3_P00.5` 均包含“MCU”标识，且U900D的引脚连接关系表明其为主控芯片（见证据[6]至[8]）。

- **取值2：TC377系列（SAK-TC377TP-96F300S AA）**  
  来源：文档 `600608964_ADAS_HSI_0506_1952_shoulin.wang.docx`，模块功能描述中明确写出“32位MCU芯片TC377最小系统模块有SAK-TC377TP-96F300S AA主控芯片”（见证据[9]），模块列表（F01）中器件名称为 `SAK-TC377TP-96F300S AA`（见证据[16]）。

**缺失信息：** 无其他证据可调和上述冲突，需进一步确认实际设计所用芯片。","[""Instance U900A: SAK-TC367DP-64F300S AAA, 20210903003, SAK-TC367DP-64F300S AA, bga80p20x20_1700x1700x170-292."", ""Instance U900B: SAK-TC367DP-64F300S AAB, 20210903003, SAK-TC367DP-64F300S AA, bga80p20x20_1700x1700x170-292."", ""Instance U900C: SAK-TC367DP-64F300S AAC, 20210903003, SAK-TC367DP-64F300S AA, bga80p20x20_1700x1700x170-292."", ""Instance U900D: SAK-TC367DP-64F300S AAD, 20210903003, SAK-TC367DP-64F300S AA, bga80p20x20_1700x1700x170-292."", ""Instance U900E: SAK-TC367DP-64F300S AAE, 20210903003, SAK-TC367DP-64F300S AA, bga80p20x20_1700x1700x170-292."", ""Net CAN0_STB_MCU_SPI3_CS5_P02.8 connects R1126.&1, R1228.&2, R1241.&1, TP1217.&1, U1200.SCSN, U1202.STB, U1203.NSTB."", ""Net CAN1_STB_MCU_SPI3_CS4_P00.2 connects R1233.&2, R1240.&1, TP1227.&1, U1201.STB, U1204.SCSN, U1205.NSTB, U900D.P00.2/SENT_SENT1B/EVADC_G9CH10/ASCLIN3_ASCLK/PSI5_TX0/CAN03_TXD/QSPI3_SLSO4."", ""Net CAN2_STB_MCU_SPI3_CS3_P00.5 connects R1301.&1, R1320.&2, TP1304.&1, U1300.STB, U1302.SCSN, U1303.NSTB, U900D.P00.5/EDSADC_DSCIN2A/SENT_SENT4B/CAN11_RXDB/EVADC_G9CH7/EDSADC_CGPWMN/QSPI3_SLSO3/EDSADC_DSCOUT2/EVADC_FC0BFLOUT/SENT_SPC4."", ""<table><tr><td>HM ID</td><td>F01</td></tr><tr><td>模块功能 \nModule Function</td><td>32位MCU芯片TC377最小系统模块有SAK-TC377TP-96F300S AA主控芯片和晶体、硬件配置组成，实现SAK-TC377TP-96F300S AA最小硬件系统工作单元，功能安全等级最高可达到ASIL-D，满足应用要求。\n32-bit MCU chip TC377 minimum system module has SAK-TC377TP-96F300S AA main control chip and crystal, hardware configuration, to achieve SAK-TC377TP-96F300S AA minimum hardware system work unit, functional safety level up to ASIL-D, meet the application requirements. </td></tr><tr><td>模块框图\nModule diagram</td><td></td></tr><tr><td>模块方案\nModule solution</td><td>处理器\n根据ADAS产品需求，综合评估选型为32位MCU芯片SAK-TC377TP-96F300S AA， MCU接口资源丰富，功能安全等级最高可达到ASIL-D，满足应用要求。\nProcessor \nAccording to ADAS product requirements, 32-bit MCU chip SAK-TC377TP-96F300S AA is selected through comprehensive evaluation, which has rich MCU interface resources and the highest functional safety level can reach ASIL-D to meet application requirements\n时钟设计\n硬件选型20MHz晶振给MCU提供时钟输入，由其内部PLL等电路完成倍频、分频，供其内核和各模块使用。\nClock design\nHardware selection of clock design 20MHz crystal oscillator provides clock input to MCU, and its internal PLL and other circuits complete frequency doubling and frequency division for its kernel and each module.\n复位及watchdog\n系统复位及看门狗芯片采用LP87702内部看门狗，喂狗方式为窗口喂狗，当喂狗窗口无有效喂狗次数超过OTP配置时，将触发整个系统复位。\na)\t上电时，看门狗芯片对MCU启动过程进行监控，同时对MCU的电源VCC3V3电压进行低压监控，异常时主动复位MCU。\nb)\t运行过程中由看门狗监控MCU运行状态，当MCU程序跑飞时看门狗超时触发复位信号主动复位MCU。\nReset and watchdog\nThe system reset and watchdog chip adopts LP87702 internal watchdog, and the feeding method is window feeding. When the number of effective dog feeding in the feeding window exceeds the OTP configuration, the whole system reset will be triggered. \n When powering on, the watchdog chip monitors the start-up process of MCU, and at the same time, it monitors the low voltage voltage of MCU's power supply VCC3V3, and actively resets MCU when abnormal. \n MCU running status is monitored by watchdog during operation. When MCU program runs, watchdog timeout triggers reset signal and actively reset MCU.\n电源需求\nMCU需要1路VCC3V3_MCU（精度：3.3V±10%）和1路VCC1V25_MCU（精度：1.2-1.35V）供电。\n4. Power demand\nThe MCU needs 1 channel VCC3V3_MCU (accuracy: 3.3V±10%) and 1 channel VCC1V25_MCU (accuracy: 1.2-1.35V) power supply.</td></tr></table>"", ""<table><tr><td>HM ID</td><td>F26</td></tr><tr><td>模块功能 \nModule Function</td><td>系统需求MCU外置看门狗，用于监控MCU功能异常时进行复位。\nThe system requires MCU external watchdog, used to monitor MCU function abnormal reset.</td></tr><tr><td>模块框图\nModule diagram</td><td></td></tr><tr><td>模块方案\nModule solution</td><td>窗口看门狗喂狗参数由LP87702的OTP文件进行配置，具体参数为：喂狗长周期600ms，窗口为10~30ms，看门狗输出复位信号低电平持续10ms。用MCU的P13.3引脚喂狗。\nThe window watchdog feeding parameters are configured by the OTP file of LP87702, the specific parameters are: feeding the dog for a long period of 600ms, the window is 10~30ms, and the low level of the watchdog output reset signal lasts for 10ms. Feed the dog with P13.3 pin of the MCU. </td></tr></table>"", ""\nECU Connector：X2000-59; MCU Component ：F01/MCU; None：B; None：D19; None：P20.12; None：P20.12/GTM_TIM3_IN0_5/GTM_TIM2_IN0_5/QSPI0_MRSTA/GTM_TOUT68/QSPI0_MRST/QSPI0_MTSR; None：QSPI0_MRST; None：MCU_SPI0_MRST_P20.12; None：/; None：O; None：MCU向EQ发送数据\nMCU配置为内置下拉（SPI模式配置为：极性CPOL=0，相位CPHA=1）\n; None：HI-Z; None：—; SW Variable Name or SW Function Name：— ——Port1\nECU Connector：X2000-53; MCU Component ：F01/MCU; None：B; None：C20; None：P20.14; None：P20.14/GTM_TIM3_IN2_4/GTM_TIM2_IN2_4/QSPI0_MTSRA/GTM_TOUT70/QSPI0_MTSR; None：QSPI0_MTSRA; None：MCU_SPI0_MTSR_P20.14; None：/; None：I; None：EQ向MCU发送数据\nMCU配置为内置下拉（SPI模式配置为：极性CPOL=0，相位CPHA=1）; None：HI-Z; None：—; SW Variable Name or SW Function Name：— ——Port1\nECU Connector：X2000-58; None：SPI Communction; HW Interface Component ：B; None：F02/EYEQ6L; None：MCU_SPI2（master）\nEQ6L_SPI1（slave）\n速率：10Mbps; MCU Component ：F01/MCU; None：B; None：D15; None：P15.7; None：P15.7/GTM_TIM1_IN1_5/GTM_TIM0_IN1_5/QSPI2_MRSTB/GTM_TOUT78/QSPI2_MRST; None：QSPI2_MRSTB; None：MCU_SPI2_MRST_P15.7; None：/; None：I; None：EQ向MCU发送数据\nMCU配置为内置下拉（SPI模式配置为：极性CPOL=0，相位CPHA=1）; None：HI-Z; None：—; SW Variable Name or SW Function Name：— ——Port1"", ""<table><tr><td>No.</td><td>Master</td><td>Slave</td><td>Communication Mechanism</td><td>Hardware\nCharacteristic</td></tr><tr><td>1　</td><td>MCU</td><td>EQ6</td><td>SPI2</td><td>速率：15.625 MHz</td></tr><tr><td>2</td><td>EQ6</td><td>MCU</td><td>SPI0</td><td>速率：15.625MHz</td></tr><tr><td>3</td><td>EQ6</td><td>FLASH</td><td>OSPI</td><td>速率：125MHz</td></tr><tr><td>4</td><td>MCU</td><td>TCAN1145</td><td>SPI3</td><td>速率：1MHz</td></tr><tr><td>5</td><td>MCU</td><td>LP87702</td><td>MCU_I2C</td><td>速率：230KHz\n地址：0X08</td></tr><tr><td>6</td><td>MCU</td><td>TPS62872</td><td>MCU_I2C</td><td>速率：230KHz\n地址：0X41</td></tr><tr><td>7</td><td>MCU</td><td>CAN0/1/2/3收发器</td><td>CAN/CAN FD</td><td>速率：2Mbps</td></tr><tr><td>8</td><td>MCU</td><td>ETH收发器（100base-T1）</td><td>MII</td><td>速率：100Mbps</td></tr></table>"", ""\nMCU Component ：F01/MCU; None：B; None：T1; None：VAREF2; None：VAREF2; None：POWER; None：VCC3V3_MCU; None：/; None：/; None：3V3供电，MCU ADC参考电源; None：/; None：—; SW Variable Name or SW Function Name：— ——Port1\nMCU Component ：F01/MCU; None：B; None：T11; None：VEVRSB; None：VEVRSB; None：POWER; None：VCC3V3_MCU; None：/; None：/; None：3V3供电，备用域电源; None：/; None：—; SW Variable Name or SW Function Name：— ——Port1\nNone：GND; None：POWER; None：MCU的GND; MCU Component ：F01/MCU; None：NA; None：Y4; None：VSSM; None：VSSM; None：GND; None：GND; None：/; None：/; None：/; None：/; None：—; SW Variable Name or SW Function Name：— ——Port1\nMCU Component ：F01/MCU; None：NA; None：Y7; None：VAGND1; None：VAGND1; None：GND; None：GND; None：/; None：/; None：/; None：/; None：—; SW Variable Name or SW Function Name：— ——Port1\nMCU Component ：F01/MCU; None：NA; None：T2; None：VAGND2; None：VAGND2; None：GND; None：GND; None：/; None：/; None：/; None：/; None：—; SW Variable Name or SW Function Name：— ——Port1\nMCU Component ：F01/MCU; None：NA; None：B2; None：VSS1; None：VSS1; None：GND; None：GND; None：/; None：/; None：/; None：/; None：—; SW Variable Name or SW Function Name：— ——Port1\nMCU Component ：F01/MCU; None：NA; None：D4; None：VSS2; None：VSS2; None：GND; None：GND; None：/; None：/; None：/; None：/; None：—; SW Variable Name or SW Function Name：— ——Port1"", ""\nHW Interface Component ：B; None：F32/POWER; None：1V25用于MCU核供电，精度：±10%\n由MCU的EVRC进行控制; MCU Component ：F01/MCU; None：B; None：Y17; None：P32.0; None：P32.0/GTM_TIM3_IN2_5/GTM_TIM2_IN2_5/GTM_TOUT36/VGATE1N; None：GPIO; None：——; None：/; None：O; None：MCU1.25V电源驱动信号; None：/; None：—; SW Variable Name or SW Function Name：— ——Port1\nMCU Component ：F01/MCU; None：B; None：W17; None：P32.1; None：P32.1/GTM_TIM3_IN3_15/GTM_TOUT37/VGATE1P; None：GPIO; None：——; None：/; None：O; None：MCU1.25V电源驱动信号; None：/; None：—; SW Variable Name or SW Function Name：— ——Port1\nMCU Component ：F01/MCU; None：B; None：P8; None：VDD; None：VDD; None：POWER; None：VCC1V25_MCU; None：/; None：/; None：1V25供电，MCU核电源域; None：/; None：—; SW Variable Name or SW Function Name：— ——Port1\nMCU Component ：F01/MCU; None：B; None：P13; None：VDD; None：VDD; None：POWER; None：VCC1V25_MCU; None：/; None：/; None：1V25供电，MCU核电源域; None：/; None：—; SW Variable Name or SW Function Name：— ——Port1\nMCU Component ：F01/MCU; None：B; None：N7; None：VDD; None：VDD; None：POWER; None：VCC1V25_MCU; None：/; None：/; None：1V25供电，MCU核电源域; None：/; None：—; SW Variable Name or SW Function Name：— ——Port1"", ""\nUnnamed: 0：SM[HW]:VMT:MBIST; Unnamed: 1：6.499; Unnamed: 2：nan; Unnamed: 3：SMC[SW]:VMT:MBIST; Unnamed: 4：ESM[SW]:VMT:MBIST; Unnamed: 5：nan; Unnamed: 6：nan; Unnamed: 7：nan; Unnamed: 8：nan; Unnamed: 9：nan; Unnamed: 10：nan; Unnamed: 11：nan; Unnamed: 12：nan; Unnamed: 13：nan; Unnamed: 14：nan; Unnamed: 15：nan ——12.1TC3XXX_SM\nUnnamed: 0：2 Functional Blocks; Unnamed: 1：nan; Unnamed: 2：nan; Unnamed: 3：nan; Unnamed: 4：nan; Unnamed: 5：nan; Unnamed: 6：nan; Unnamed: 7：nan; Unnamed: 8：nan; Unnamed: 9：nan; Unnamed: 10：nan; Unnamed: 11：nan; Unnamed: 12：nan; Unnamed: 13：nan; Unnamed: 14：nan; Unnamed: 15：nan ——12.1TC3XXX_SM\nUnnamed: 0：2.1 MCU Function - Processing; Unnamed: 1：nan; Unnamed: 2：nan; Unnamed: 3：nan; Unnamed: 4：nan; Unnamed: 5：nan; Unnamed: 6：nan; Unnamed: 7：nan; Unnamed: 8：nan; Unnamed: 9：nan; Unnamed: 10：nan; Unnamed: 11：nan; Unnamed: 12：nan; Unnamed: 13：nan; Unnamed: 14：nan; Unnamed: 15：nan ——12.1TC3XXX_SM\nUnnamed: 0：2.1.1 CPU; Unnamed: 1：nan; Unnamed: 2：nan; Unnamed: 3：nan; Unnamed: 4：nan; Unnamed: 5：nan; Unnamed: 6：nan; Unnamed: 7：nan; Unnamed: 8：nan; Unnamed: 9：nan; Unnamed: 10：nan; Unnamed: 11：nan; Unnamed: 12：nan; Unnamed: 13：nan; Unnamed: 14：nan; Unnamed: 15：nan ——12.1TC3XXX_SM"", ""<table><tr><td>模块序号\nModule number</td><td>模块名称\nModule name</td><td>功能定义\nFunction definition.</td><td>功能安全需求\nFunctional safety requirements</td></tr><tr><td>F01</td><td>MCU</td><td>SAK-TC377TP-96F300S AA</td><td>B(B)</td></tr><tr><td>F02</td><td>EYEQ6-L</td><td>EYEQ6-L，用于sensor的视频处理</td><td>B</td></tr><tr><td>F03</td><td>EYEQ6_LPDDR4</td><td>EQ6的1GB LPDDR4</td><td>B</td></tr><tr><td>F04</td><td>EYEQ6_NAND FLASH</td><td>EQ6的2Gb NAND FLASH</td><td>B</td></tr><tr><td>F05</td><td>CAM SENSOR</td><td>Sony 728摄像头模组</td><td>B</td></tr><tr><td>F06</td><td>KL30 sample</td><td>KL30电压采样</td><td>QM</td></tr><tr><td>F07</td><td>KL15 sample</td><td>KL15电压采样</td><td>QM</td></tr><tr><td>F08</td><td>EQ system power sample1</td><td>EQ6L系统供电电源电压ADC采样滤波、分压电路</td><td>B(B)</td></tr><tr><td>F09</td><td>ETH and CAN power sample2</td><td>CAN和ETH电源电压ADC采样滤波、分压电路</td><td>QM</td></tr><tr><td>F10</td><td>NTC temp sensor</td><td>NTC温度传感器，监控EQ6L/LPDDR4周边环境温度。</td><td>B</td></tr><tr><td>F11</td><td>KL30 EMI</td><td>KL30供电口EMI滤波电路.</td><td>B</td></tr><tr><td>F12</td><td>POWER</td><td>LN10046，KL30电源转VCC3V3电源</td><td>B</td></tr><tr><td>F13</td><td>POWER</td><td>LP87702，VCC3V3电压输入，VCC1V1、VCC1V8、VCC50电压输出</td><td>QM(B)</td></tr><tr><td>F14</td><td>POWER</td><td>TPS62872，VCC3V3电压输入，VCC0V75电压输出</td><td>QM(B)</td></tr><tr><td>F15</td><td>POWER</td><td>SA23002，VCC3V3输入，VCC0V75电压输出</td><td>QM(B)</td></tr><tr><td>F16</td><td>POWER</td><td>TPS22918负载开关，VCC3V3电压输入，VCC3V3_EQ输出</td><td>QM(B)</td></tr><tr><td>F17</td><td>POWER</td><td>TPS22918负载开关，VCC3V3输入，VCC3V3_ETH输出</td><td>QM</td></tr><tr><td>F18</td><td>overvoltage protect</td><td>用于MCU电源VCC3V3_MCU的外部过压保护</td><td>B</td></tr><tr><td>F19</td><td>POWER</td><td>TPS22918 负载开关，VCC1V8电压输入，VCC1V8_EQ电压输出</td><td>QM(B)</td></tr><tr><td>F20</td><td>CAN3</td><td>基于TCAN1145的CAN通讯，硬件支持特定报文唤醒</td><td>QM</td></tr><tr><td>F21</td><td>CAN2</td><td>基于TCAN1044A的CAN通讯.</td><td>QM</td></tr><tr><td>F22</td><td>CAN1</td><td>基于TCAN1044A的CAN通讯</td><td>QM</td></tr><tr><td>F23</td><td>CAN0</td><td>基于TCAN1044A的CAN通讯.</td><td>QM</td></tr><tr><td>F24</td><td>ETH</td><td>基于DP83TC812R的100BASE-T1通讯</td><td>QM</td></tr><tr><td>F25</td><td>Wake up</td><td>唤醒源和一级电源使能电路设计</td><td>QM</td></tr><tr><td>F26</td><td>watchdog</td><td>LP87702的看门狗功能，用于监控MCU运行状态</td><td>B</td></tr><tr><td>F27</td><td>POWER</td><td>VCC3V3_MCU转VCC1V25_MCU电压，由MCU的EVRC进行控制。</td><td>B</td></tr><tr><td>F28</td><td>level translation</td><td>3V3和1V8双向电压转换芯片</td><td>QM</td></tr></table>"", ""<table><caption> Device Information</caption>\n<tr><td colspan=3 rowspan=3 >Part Number Current Rating Package TPS62870-Q1 6A TPS62871-Q1 9A RXS (VQFN-FCRLF, TPS62872-Q1 12 A 16) TPS62873-Q1 15 A</td></tr>\n\n</table>"", ""<table><caption> Figure 9-22. CONTROL1 Register</caption>\n<tr><td colspan=2 >7 6 RESET SSCEN R/W-0b R/W-0b</td><td colspan=4 >5 3 2 SWEN FPWMEN DISCHEN HICCUPEN R/W-1b R/W-0b R/W-1b R/W-0b</td><td  >VRAMP R/W-10b</td></tr>\n</table>"", ""<table><caption> Table 9-1 shows the function table of the MODE/SYNC pin and the FPWMEN bit in the CONTROL1 register, Table 9-1. FPWM Mode and Power-Save Mode Selection Note</caption>\n<tr><td  >MODE/SYNCPin</td><td  >FPWMEN Bit</td><td  >OperatingMode</td><td  >Remark</td></tr>\n<tr><td  >Low</td><td  >0</td><td  >PSM</td><td  >Do not use in a stacked configuration.</td></tr>\n<tr><td></td><td  >1</td><td  >FPWM</td><td></td></tr>\n<tr><td  >High</td><td  >X</td><td  >FPWM</td><td></td></tr>\n<tr><td  >Sync Clock</td><td  >X</td><td  >FPWM</td><td></td></tr>\n</table>"", ""<table><caption> Table 6-2. Devices Without I²C Interface (continued) Unless otherwise noted, device variants without I2C operate with the same default settings as device variants with 12C.</caption>\n<tr><td  >DeviceNumber</td><td  >OutputCurrent</td><td  >Start-UpVoltage(2)</td><td  >VSEL Settings</td><td  > Spread Spectrum Clocking</td><td  > Soft-Start Time</td></tr>\n<tr><td  >TPS62870N1QWRXSRQ1</td><td  >6A</td><td  >0.800 V</td><td  >6.2kQ to GND</td><td></td><td></td></tr>\n<tr><td  >TPS62871N1QWRXSRQ1</td><td  >9A</td><td  >0.750V</td><td  >Short to GND</td><td></td><td></td></tr>\n<tr><td  >TPS62872N1QWRXSRQ1</td><td  >12 A</td><td  >0.875V</td><td  >Short to VIN</td><td  >On</td><td></td></tr>\n<tr><td  >TPS62873N1QWRXSRQ1</td><td  >15 A</td><td  >0.840V</td><td  >47 kQ to VIN </td><td></td><td  >1 ms</td></tr>\n<tr><td></td><td></td><td  >1.800 V</td><td  >6.2 kQ to GND</td><td></td><td></td></tr>\n<tr><td  >TPS62872N2QWRXSRQ1</td><td  >12 A</td><td  >1.500 V 1.750 V</td><td  >Short to GND Short to VIN </td><td  >Off</td><td></td></tr>\n<tr><td></td><td></td><td  >3.300 V</td><td  >47kQ to VIN</td><td></td><td></td></tr>\n</table>"", ""<table><caption> Table 7-1. Pin Functions (continued) I = input, O = output, P = power, GND = ground(1)</caption>\n<tr><td  >Pin</td><td></td><td></td><td></td></tr>\n<tr><td  >Name</td><td  >No.</td><td  >Type(1)</td><td  >Description</td></tr>\n<tr><td></td><td></td><td></td><td  >Internal clock output pin for synchronization in stacked mode. Leave this pin floating for single </td></tr>\n<tr><td></td><td></td><td></td><td  >device operation. Connect this pin to the MODE/SYNC pin of the next device in the daisy-chain in </td></tr>\n<tr><td  >SYNC_OUT</td><td  >14</td><td></td><td  >stacked operation. Do not use this pin to connect to a non-TPS6287x-Q1 device.  During start-up, this pin is used to identify if a device must operate as a secondary converter in</td></tr>\n<tr><td></td><td></td><td></td><td  >stacked operation. Connect a 47-kQ resistor from this pin to GND to define a secondary converter</td></tr>\n<tr><td></td><td></td><td></td><td  > in stacked operation. See Section 9.3.17 for a detailed description.</td></tr>\n<tr><td  >VSEL</td><td  >15</td><td  >一</td><td  > Start-up output voltage select pin. A resistor or short circuit to GND or Vin defines the selected output voltage. See Section 9.3.6.2.</td></tr>\n<tr><td  >FSEL</td><td  >16</td><td  >一</td><td  >Frequency select pin. A resistor or a short circuit to GND or Vin determines the free-running switching frequency. See Section 9.3.6.2.</td></tr>\n<tr><td  >Exposed Thermal Pad</td><td></td><td  >一</td><td  >The thermal pad must be soldered to GND to achieve an appropriate thermal resistance and for mechanical stability.</td></tr>\n</table>"", ""<table><caption> Table9-5.DefaultOutputVoltageSetpoints</caption>\n<tr><td  >VSEL Pin(1)</td><td  >Device Number</td><td  >VSET[7:0]</td><td  >Output Voltage Setpoint</td></tr>\n<tr><td></td><td  >TPS6287x-Q1</td><td  >0x5a</td><td  >850 mV</td></tr>\n<tr><td></td><td  >TPS6287xY0-Q1</td><td  >0x50</td><td  >800 mV</td></tr>\n<tr><td></td><td  >TPS6287xY1-Q1</td><td  >0x14</td><td  >500 mV</td></tr>\n<tr><td></td><td  >TPS6287xY2-Q1</td><td  >0x64</td><td  >1800 mV</td></tr>\n<tr><td  >6.2 kQ to GND</td><td  >TPS6287xY3-Q1</td><td  >0x52</td><td  >810 mV</td></tr>\n<tr><td></td><td  >TPS6287xN0-Q1</td><td  >0x14</td><td  >500 mV</td></tr>\n<tr><td></td><td  >TPS6287xN1-Q1</td><td  >0x50</td><td  >800 mV</td></tr>\n<tr><td></td><td  >TPS6287xN2-Q1</td><td  >0x64</td><td  >1800 mV</td></tr>\n</table>"", ""VOUT(VIN - VoUT\nIL(PP) = VU(NxLxW)"", ""1. In device variants without IC the SDA and SCL pins are internally connected, but their functionality is disabled.\nVIN\nSW\nVIN\nBias\nGate Drive and Control\nRegulator\nEN\nGND\nGND\nRampandSlope\nCompensation\nPG\nControl\nGOSNS\nFSEL[\nVSEL[\nOscillator\nCOMP\nSCL1[\nSDA1[\nThermal\nShutdown\nSYNCOUT\nMODE/SYNC\nM""]","{""original_context_count"": 24, ""original_context_characters"": 16915, ""scored_context_count"": 4, ""scored_context_characters"": 560, ""contexts_truncated"": true, ""context_selection"": ""claim_coverage"", ""selected_evidence_ids"": [""circuit:21:net:CAN2_STB_MCU_SPI3_CS3_P00.5""], ""selected_claim_ids"": [""sq_1:claim_1""], ""excluded_evidence_ids"": [""circuit:21:instance:U900A"", ""circuit:21:instance:U900B"", ""circuit:21:instance:U900C"", ""circuit:21:instance:U900D"", ""circuit:21:instance:U900E"", ""circuit:21:net:CAN0_STB_MCU_SPI3_CS5_P02.8"", ""circuit:21:net:CAN1_STB_MCU_SPI3_CS4_P00.2"", ""document:034c767118e5df31"", ""document:03f25b2ba7da50a5"", ""document:07eafc1ebcb200f1"", ""document:18855329310af467"", ""document:23afbde4a2a2d4fb"", ""document:29cc1a9be32b6d7f"", ""document:2f8baf0f2ad1d779"", ""document:34883e566717f8dd"", ""document:4e638b9fb82d4ad2"", ""document:7970eec1b28a0159"", ""document:87e0c61422f91bc3"", ""document:b3ccd4d870e372c3"", ""document:bcb07de62999159b"", ""document:c525ee76c4d237d2"", ""document:e6627ad70c8cab97"", ""document:f5d436fe49a38172""]}",0.9384022646905089,0.0,0.8,1.0,0.6388888888675925,0.0,0.5,0.0,not_applicable
