sample_id,snapshot_status,question,reference_answer,response,retrieved_contexts,ragas_scoring,answer_correctness,answer_relevancy,completeness,conflict_disclosure,context_precision,context_recall,evidence_consistency,faithfulness,missing_information_honesty
hw-v1-document-lp87702-section,success,软件配置 LP87702 应查 HSI 的哪一节？,应查 HSI 7.2 节“LP87702 配置”，其中给出软件寄存器和 I²C 配置说明。,"根据已有证据，关于LP87702软件配置对应的HSI章节，回答如下：

### 1. 在HSI文档中，关于LP87702软件配置的章节是哪一节？

**结论：** 应查阅 **第7章“其他芯片配置”下的7.2节“LP87702配置”**。

**证据来源：**
- 证据[2]（来自文档`600608964_ADAS_HSI_0506_1952_shoulin.wang.docx`）中明确列出：“LP87702配置 LP87702 Configuration...LP87702运行期间需要MCU通过I2C配置的寄存器如下所示：Table 5-2 LP87702 Configuration”。
- 证据[3]（来自同一文档的目录部分）中明确列出：“7.2 LP87702配置 LP87702 Configuration”。

**说明：** 该章节（7.2节）详细描述了LP87702在运行期间需要MCU通过I2C进行配置的寄存器内容（如证据[2]中提到的Table 5-2）。

---

### 2. 证据冲突说明

根据提供的`coverage_matrix`，检测到以下证据冲突，这些冲突不涉及“LP87702软件配置章节”这一核心问题，但为保持严谨，特此列出：

1.  **字段`template change history`**：同一文档`600608964_ADAS_HSI_0506_1952_shoulin.wang.docx`中，对“模板变更历史”这一字段给出了从“1”到“5”的多个不同取值（如证据[8]所示）。这是文档模板本身的历史记录，不影响对“LP87702配置”章节的定位。
2.  **字段`accuracy`**：同一文档中，对“MCU供电电压精度”给出了“1.2-1.35v”和“3.3v”两个不同值（如证据[10]所示）。这属于不同电压轨的精度要求，并非冲突。
3.  **字段`td colspan` 和 `operation disabled 1b`**：在PDF文档`FF4D6750FC7339E769C3F6246C6F971C.pdf`（TPS62872数据手册）中，存在表格列合并（colspan）和寄存器描述（如“Hiccup”与“SSC”）的多个取值。这些是数据手册中的不同表格或不同寄存器位，不属于逻辑冲突。

**结论：** 以上冲突均不涉及用户所问的“LP87702软件配置章节”问题，不影响主答案的准确性。","[""Instance U1700: LP87702-Q1, 20200424007, LP87702RRHBRQ1, pqfn50p5x5x90-32."", ""ADC电压采集阈值 The ADC voltage acquisition thresholdWCCA计算结果如下，软件应按照如下过欠压阈值设置：The WCCA calculation results are as follows. The software should be set according to the following overvoltage and undervoltage thresholds:EQ6L上下电时序要求 EQ6L Power-on and power-off sequence requirements共享和独占的硬件资源 Shared and Exclusive Hardware ResourceECU-MCU信号对应关系 ECU-MCU Signal MappingMCU时钟配置 MCU Clock Configuration存储器配置 Memeory ConfigurationTable 4-5Memory Configuration其他芯片配置 Other IC Configuration其他芯片的通讯机制 Communication Mechanism with Other ICLP87702配置 LP87702 ConfigurationLP87702运行期间需要MCU通过I2C配置的寄存器如下所示：Table 5-2 LP87702 ConfigurationTPS62872配置 TPS62872 ConfigurationTPS62872运行期间需要MCU通过I2C配置的寄存器如下所示：Table 5-3 TPS62872 Configuration安全机制 Safety MechanismsSystem levelHW level硬件安全分析无新增安全机制IC level模板变更历史Template Change History填写说明Filling instructions：变更单号YYYYMM00X为记录顺序号，如：202203002，表示的是2022年03月的第二份此类文档。首次发布不分配变更单号，变更单号处填NA。The change order number YYYYMM00X is the record sequence number, such as 202203002, which represents the second such document in March 2022. No change order number will be allocated for the first release, and Na will be filled in the change order number.变更原因填写以客户审核需要变更为例：由于XX客户在客户审核时发现XX问题，需要调整模板。Fill in the revision note. Take the need for change in customer audit as an example: because XX customer found XX problem during customer audit, the template needs to be adjusted.变更内容填写以客户审核发现问题需要更改为例：由于XX客户在客户审核时发现XX问题，特增加XXX的变更内容。"", ""3.3.5 EQ6最小系统 EQ6 minimum system\t553.3.6 摄像头最小系统 camera minimum system\t593.3.7 看门狗电路 Watchdog circuit\t613.3.8 温度采样电路 Temp Sample circuit\t623.3.9 ETH电路 ETH circuit\t633.3.10 CAN FD电路 CAN FD circuit\t654\tADC电压采集阈值 The ADC voltage acquisition threshold\t685\tEQ6L上下电时序要求 EQ6L Power-on and power-off sequence requirements\t686\t共享和独占的硬件资源 Shared and Exclusive Hardware Resource\t696.1 ECU-MCU信号对应关系 ECU-MCU Signal Mapping\t696.2 MCU时钟配置 MCU Clock Configuration\t706.3 存储器配置 Memeory Configuration\t717\t其他芯片配置 Other IC Configuration\t717.1 其他芯片的通讯机制 Communication Mechanism with Other IC\t717.2 LP87702配置 LP87702 Configuration\t727.3 TPS62872配置 TPS62872 Configuration\t728\t安全机制 Safety Mechanisms\t736.1 System level\t736.2 HW level\t736.3 IC level\t73概述 Introduction目的 Purpose软硬接口文档的目的是描述软件和硬件的交互，并且确保软件硬件和TSR的一致性。The goal of the hardware software interface document is to specify the hardware and software interaction and be consistent with the technical safety concept.适用范围 Range of Application此文档适用于奇瑞EQ6L T1G ADAS项目的功能安全开发全过程。This document is applied for the whole functional safety development process of  EQ6L T1G ADAS project.读者对象 TReader项目经理Project Manager项目组成员Project Team Members功能安全经理Functional Safety Manager功能安全工程师Functional Safety System Engineer硬件工程师 Hardware Engineer软件工程师 Software Engineer质量和审查人员QA and Assessor产品测试人员Product Test Engineer"", ""<table><tr><td>HM ID</td><td>F13</td></tr><tr><td>运行模式\nOperation Mode</td><td>SHUTDOWN、READ OTP、STANDBY、ACTIVE</td></tr><tr><td>模式定义\nDefinition of Operation mode</td><td>SHUTDOWN\nNRST电压低于阈值。LP87702-Q1器件停止工作。\nREAD OTP\n电源电压VANA高于VANAUVLO电平，并且NRST电压高于阈值电平。电压转换器被禁用，LP87702-Q1的参考电平和偏置电路被启用。OTP配置被加载到寄存器。\nSTANDBY\n电源电压VANA高于VANAUVLO水平，NRST电压高于阈值水平。电压转换器被禁用，LP87702-Q1的参考电平、控制和偏压电路被启用。所有的寄存器都可以被主机处理器通过系统串口读写。电压转换器可以根据需要进行使能输出。\nACTIVE\n电源电压VANA高于VANAUVLO水平，NRST电压高于阈值水平。稳压DC/DC变换器处于使能状态。所有的寄存器都可以被MCU通过系统串口读写。\nSHUTDOWN\nAfter the enable signal MCU_OV75_MIPI_DDR_EN=L, the secondary power stops the 0V75_MIPI_DDR power supply. \nREADY OTP\nThe supply voltage VANA is above the VANAUVLO level, and the NRST voltage is above the threshold level. The voltage converter is disabled and the reference level and bias circuits of the LP87702-Q1 are enabled. The OTP configuration is loaded into the register.\nSTANDBY\nThe supply voltage VANA is above the VANAUVLO level and the NRST voltage is above the threshold level. The voltage converter is disabled and the reference level, control, and bias circuits of the LP87702-Q1 are enabled. All registers can be read and written by the host processor through the system serial port. The voltage converter can perform enabling output as needed.\nACTIVE\nThe supply voltage VANA is above the VANAUVLO level and the NRST voltage is above the threshold level. The regulated DC/DC converter is in the enabled state. All the registers can be read and written by the MCU through the system serial port. </td></tr><tr><td>模式切换接口\nMode switching interface</td><td></td></tr><tr><td>模式状态机\nMode state machine</td><td></td></tr><tr><td>模式切换条件\nMode switching condition</td><td>参考：\n产品系统需求规格说明\n产品系统方案设计说明书\nReference: \nProduct system requirement specification \nProduct system scheme design specification.</td></tr><tr><td>备注\nNote</td><td>1、VANAUVLO阈值电压\n\n2、NRST阈值电压\n</td></tr><tr><td>备注\nNote</td><td></td></tr></table>"", ""<table><tr><td>HM ID</td><td>F26</td></tr><tr><td>模块功能 \nModule Function</td><td>系统需求MCU外置看门狗，用于监控MCU功能异常时进行复位。\nThe system requires MCU external watchdog, used to monitor MCU function abnormal reset.</td></tr><tr><td>模块框图\nModule diagram</td><td></td></tr><tr><td>模块方案\nModule solution</td><td>窗口看门狗喂狗参数由LP87702的OTP文件进行配置，具体参数为：喂狗长周期600ms，窗口为10~30ms，看门狗输出复位信号低电平持续10ms。用MCU的P13.3引脚喂狗。\nThe window watchdog feeding parameters are configured by the OTP file of LP87702, the specific parameters are: feeding the dog for a long period of 600ms, the window is 10~30ms, and the low level of the watchdog output reset signal lasts for 10ms. Feed the dog with P13.3 pin of the MCU. </td></tr></table>"", ""\nMCU Component ：F01/ MCU; None：QM; None：E11; None：P12.1; None：P12.1/GTM_TIM4_IN1_6/GTM_TIM3_IN1_6/GETH_MDIOC/GTM_TOUT129/CAN00_TXD/GETH_MDIO; None：GPIO; None：MCU_nINT_PMIC_P12.1; None：/; None：I; None：LP87702的输出中断信号。\n高：无中断信号\n低：输出中断信号; None：HI-Z，硬件外部上拉; None：—; SW Variable Name or SW Function Name：— ——Port1\nHW Interface Component ：QM(B); None：F13/POWER\nF14/POWER; None：MCU配置LP87702、TPS62872; MCU Component ：F01/MCU; None：B; None：E14; None：P15.5; None：P15.5/GTM_TIM3_IN0_4/GTM_TIM2_IN0_4/QSPI2_MTSRA/GTM_TOUT76/QSPI2_MTSR/MSC0_EN0/I2C0_SDA; None：I2C0_SDAC; None：MCU_SDA_P15.5; None：/; None：IO; None：IIC_SDA信号\n\n外挂LP87702和TPS62872\n\nLP87702地址：0x08\nTPS62872地址：0x41; None：HI-Z，硬件外部上拉; None：—; SW Variable Name or SW Function Name：— ——Port1\nMCU Component ：F01/MCU; None：B; None：A17; None：P15.4; None：P15.4/GTM_TIM3_IN7_4/GTM_TIM2_IN7_4/I2C0_SCLC/QSPI2_MRSTA/SCU_E_REQ0_0/GTM_TOUT75/QSPI2_MRST; None：I2C0_SCL; None：MCU_SCL_P15.4; None：/; None：O; None：IIC_CLK信号\n\n外挂LP87702和TPS62872\n\nLP87702地址：0x08\nTPS62872地址：0x41; None：HI-Z，硬件外部上拉; None：—; SW Variable Name or SW Function Name：— ——Port1"", ""<table><tr><td>HM ID</td><td>F13</td></tr><tr><td>模块功能 \nModule Function</td><td>VCC1V8用于EQ6、CAM、DDR、FLASH供电。VCC1V1用于EQ6、DDR供电。VCC50用于CAN收发器供电，现选择LP87702 PMIC方案。\nVCCIV8 is used to power EQ6, CAM, DDR, FLASH.VCC1V1 is used to power EQ6,DDR. VCC50 is used for CAN transceiver power supply, now choose LP87702 PMIC scheme. \n</td></tr><tr><td>模块框图\nModule diagram</td><td></td></tr><tr><td>模块方案\nModule solution</td><td>\n采用LP87702芯片，将VCC3V3转换为VCC1V8、VCC1V1、VCC50，其中VCC1V8用于EQ6、CAM、DDR、FLASH供电，VCC1V1用于EQ6、DDR供电，VCC50用于CAN收发器供电。用MCU的P15.3引脚使能该芯片的5V输出，用MCU_SCL_P15.4，MCU_SDA_P15.5 I2C通信来设置1.8V和1.1输出电压和使能。用MCU的P12.1引脚复位该芯片。\nLP87702 chip is used to convert VCC3V3 into VCC1V8, VCC1V1 and VCC50, in which VCC1V8 is used for EQ6, CAM, DDR and FLASH power supply, VCC1V1 is used for EQ6 and DDR power supply, and VCC50 is used for CAN transceiver power supplyP15.3 pin of MCU is used to enable 5V output of the chip, and MCU_SCL_P15.4, MCU_SDA_P15.5 I2C communication is used to set 1.8V and 1.1 output voltage and enable it. Reset the chip with P12.1 pin of the MCU. </td></tr></table>"", ""\n模板变更历史Template Change History：1; None：NA; None：首次发布; None：首次发布; None：01; None：2021-08-26 00:00:00; None：宫明玉; None：王会苹 ——模板变更历史Template change history\n模板变更历史Template Change History：2; None：HR-CIMA-CI-DCR_202210002; None：模板优化调整; None：1. 添加填写说明页与定义页\n2. 封面内容修订，字体字号、底色布局等格式优化; None：02; None：2023-06-10 00:00:00; None：宫明玉; None：王会苹 ——模板变更历史Template change history\n模板变更历史Template Change History：3; None：HR-CIMA-CI-TCR_202312002; None：模板中需增加复用说明; None：增加HSI复用说明列; None：03; None：2023-10-10 00:00:00; None：宫明玉; None：王会苹 ——模板变更历史Template change history\n模板变更历史Template Change History：4; None：HR-CIMA-CI-TCR_202401001; None：功能安全相关模板修订和其他模板修订; None：新增“软件需使能低压复位功能，低压阈值与硬件工程师沟通确认”要求; None：04; None：2024-01-24 00:00:00; None：宫明玉; None：王会苹 ——模板变更历史Template change history\n模板变更历史Template Change History：5; None：HR-CIMA-CI-TCR_202409001; None：一个硬件的接口可能会对应多个软件功能; None：1.增加基于系统开发的角度写的HIS example4\n2.更新HSI模板; None：05; None：2024-09-10 00:00:00; None：宫明玉; None：师明 ——模板变更历史Template change history"", ""<table><tr><td>序号</td><td>详细说明</td></tr><tr><td>1</td><td>蓝色斜体文字为相关填写具体要求（例：方法说明、规范要求、覆盖度要求、与其他工作产品的一致性要求等），形成具体工作产品时可删除蓝色斜体部分</td></tr><tr><td>2</td><td>黑色斜体文字为参考样例，形成具体工作产品时可删除黑色斜体部分</td></tr><tr><td>3</td><td>本文件所列章节原则不允许裁剪，如不涉及本章节内容，在章节内写“无”，如有补充内容可新增章节。当不涉及到功能安全、ASPICE、网络安全等特殊体系要求时，模板正文相关内容可进行裁剪</td></tr></table>"", ""<table><tr><td>HM ID</td><td>F01</td></tr><tr><td>模块功能 \nModule Function</td><td>32位MCU芯片TC377最小系统模块有SAK-TC377TP-96F300S AA主控芯片和晶体、硬件配置组成，实现SAK-TC377TP-96F300S AA最小硬件系统工作单元，功能安全等级最高可达到ASIL-D，满足应用要求。\n32-bit MCU chip TC377 minimum system module has SAK-TC377TP-96F300S AA main control chip and crystal, hardware configuration, to achieve SAK-TC377TP-96F300S AA minimum hardware system work unit, functional safety level up to ASIL-D, meet the application requirements. </td></tr><tr><td>模块框图\nModule diagram</td><td></td></tr><tr><td>模块方案\nModule solution</td><td>处理器\n根据ADAS产品需求，综合评估选型为32位MCU芯片SAK-TC377TP-96F300S AA， MCU接口资源丰富，功能安全等级最高可达到ASIL-D，满足应用要求。\nProcessor \nAccording to ADAS product requirements, 32-bit MCU chip SAK-TC377TP-96F300S AA is selected through comprehensive evaluation, which has rich MCU interface resources and the highest functional safety level can reach ASIL-D to meet application requirements\n时钟设计\n硬件选型20MHz晶振给MCU提供时钟输入，由其内部PLL等电路完成倍频、分频，供其内核和各模块使用。\nClock design\nHardware selection of clock design 20MHz crystal oscillator provides clock input to MCU, and its internal PLL and other circuits complete frequency doubling and frequency division for its kernel and each module.\n复位及watchdog\n系统复位及看门狗芯片采用LP87702内部看门狗，喂狗方式为窗口喂狗，当喂狗窗口无有效喂狗次数超过OTP配置时，将触发整个系统复位。\na)\t上电时，看门狗芯片对MCU启动过程进行监控，同时对MCU的电源VCC3V3电压进行低压监控，异常时主动复位MCU。\nb)\t运行过程中由看门狗监控MCU运行状态，当MCU程序跑飞时看门狗超时触发复位信号主动复位MCU。\nReset and watchdog\nThe system reset and watchdog chip adopts LP87702 internal watchdog, and the feeding method is window feeding. When the number of effective dog feeding in the feeding window exceeds the OTP configuration, the whole system reset will be triggered. \n When powering on, the watchdog chip monitors the start-up process of MCU, and at the same time, it monitors the low voltage voltage of MCU's power supply VCC3V3, and actively resets MCU when abnormal. \n MCU running status is monitored by watchdog during operation. When MCU program runs, watchdog timeout triggers reset signal and actively reset MCU.\n电源需求\nMCU需要1路VCC3V3_MCU（精度：3.3V±10%）和1路VCC1V25_MCU（精度：1.2-1.35V）供电。\n4. Power demand\nThe MCU needs 1 channel VCC3V3_MCU (accuracy: 3.3V±10%) and 1 channel VCC1V25_MCU (accuracy: 1.2-1.35V) power supply.</td></tr></table>"", ""\nNone：U20; None：P23.2; None：P23.2/GTM_TIM1_IN6_5/GTM_TIM0_IN6_5/GTM_TOUT43/CAN12_TXD; None：GPIO; None：MCU_RST_FLASH_P23.2; None：/; None：O; None：FLASH复位信号\n低：FLASH复位\n高：FLASH进入工作状态; None：HI-Z，硬件外部下拉; None：—; SW Variable Name or SW Function Name：— ——Port1\nNone：未使用; MCU Component ：F01/ MCU; None：NA; None：/; None：D7; None：P11.14; None：P11.14/GTM_TIM4_IN7_4/GTM_TIM2_IN7_8/GETH_CRSDVB/GETH_RXDVB/GETH_CRSA/GTM_TOUT126; None：GPIO; None：MCU_ETH_CFG1_P11.14; None：/; None：I; None：CFG1：BOM配置，判断是否有以太网\n高：TBD\n低：TBD; None：HI-Z; None：—; SW Variable Name or SW Function Name：— ——Port1\nNone：未使用; MCU Component ：F01/ MCU; None：NA; None：/; None：D6; None：P11.15; None：P11.15/GTM_TIM4_IN7_5/GTM_TIM0_IN7_8/GETH_COLA/GTM_TOUT127; None：GPIO; None：MCU_ETH_CFG2_P11.15; None：/; None：I; None：CFG2：BOM配置，判断以太网接口类型\n高：TBD\n低：TBD; None：HI-Z; None：—; SW Variable Name or SW Function Name：— ——Port1\nHW Interface Component ：QM(B); None：F13/POWER; None：1、LP87702实现VCC3V3转VCC1V8、VCC1V1、VCC50三路电源输出\n2、LP87702的VCC50由MCU的GPIO控制使能和关断，VCC1V8、VCC1V1由MCU的I2C控制使能和关断。\n3、预留中断信号用于MCU辅助监控LP87702的工作状态。\n4、MCU可以通过I2C监控和管理LP87702的状态。; MCU Component ：F01/ MCU; None：QM; None：B17; None：P15.3; None：P15.3/GTM_TIM3_IN6_4/GTM_TIM2_IN6_4/CAN01_RXDA/QSPI2_SCLKA/GTM_TOUT74/QSPI2_SCLK/MSC0_EN1; None：GPIO; None：MCU_5V_EN; None：/; None：O; None：VCC50（LP87702）电源使能控制信号\n高：使能VCC50电压输出\n低：关断VCC50电压输出; None：HI-Z，硬件外部下拉; None：—; SW Variable Name or SW Function Name：— ——Port1"", ""\nNone：V1.0; None：首次发布; None：张三; None：YYYY-MM-DD; None：XXXXX ——封面Cover\nNone：V2.0; None：由于XXX原因，变更XX章节XX部分内容; None：张三; None：YYYY-MM-DD; None：XXXXX ——封面Cover\nNone：编制：\nAuthor：; None：产品硬件设计工程师\nProduct hardware design engineer; None：签字Sign：; 文件编号File No：6XXXXXXXX_BBB_HW_IP_00X\n保存期限：产品生命周期加1个日历年；如属安全件，保存15个日历年以上\nRetention period:Product life cycle +1 calendar year.\nIf it is a safety part, keep it for more than 15 calendar years\n密级：内部\nSecurity level：Internal：张三\nZhang San; None：日期Date：; None：YYYY-MM-DD ——封面Cover\nNone：审核：\nChecker:; None：产品硬件架构工程师\nProduct hardware architecture engineer; None：签字Sign：; None：日期Date： ——封面Cover\nNone：审核：\nChecker:; None：产品软件开发工程师\nProduct software development engineer; None：签字Sign：; None：日期Date： ——封面Cover\nNone：审核：\nChecker:; None：产品功能安全系统工程师\nProduct functional safety  system engineer; None：签字Sign：; None：日期Date： ——封面Cover\nNone：批准：\nApprover:; None：产品系统工程师    \nProduct system engineer; None：签字Sign：; None：日期Date： ——封面Cover\nNone：所 有 权 声 明Statement of proprietary rights ——封面Cover\nNone：该文档及其所含信息是经纬恒润的财产。该文档及其所含信息的复制、使用及披露必须得到经纬恒润的书面授权。\nThis document and the information it contains are the property of Jingwei Hirain. The reproduction, use and disclosure of this document and the information contained therein must be authorized in writing by Jingwei Hirain. ——封面Cover"", ""<table><caption> Device Information</caption>\n<tr><td colspan=3 rowspan=3 >Part Number Current Rating Package TPS62870-Q1 6A TPS62871-Q1 9A RXS (VQFN-FCRLF, TPS62872-Q1 12 A 16) TPS62873-Q1 15 A</td></tr>\n\n</table>"", ""<table><caption> Table9-5.DefaultOutputVoltageSetpoints</caption>\n<tr><td  >VSEL Pin(1)</td><td  >Device Number</td><td  >VSET[7:0]</td><td  >Output Voltage Setpoint</td></tr>\n<tr><td></td><td  >TPS6287x-Q1</td><td  >0x5a</td><td  >850 mV</td></tr>\n<tr><td></td><td  >TPS6287xY0-Q1</td><td  >0x50</td><td  >800 mV</td></tr>\n<tr><td></td><td  >TPS6287xY1-Q1</td><td  >0x14</td><td  >500 mV</td></tr>\n<tr><td></td><td  >TPS6287xY2-Q1</td><td  >0x64</td><td  >1800 mV</td></tr>\n<tr><td  >6.2 kQ to GND</td><td  >TPS6287xY3-Q1</td><td  >0x52</td><td  >810 mV</td></tr>\n<tr><td></td><td  >TPS6287xN0-Q1</td><td  >0x14</td><td  >500 mV</td></tr>\n<tr><td></td><td  >TPS6287xN1-Q1</td><td  >0x50</td><td  >800 mV</td></tr>\n<tr><td></td><td  >TPS6287xN2-Q1</td><td  >0x64</td><td  >1800 mV</td></tr>\n</table>"", ""<table><caption> Table 6-2. Devices Without I²C Interface (continued) Unless otherwise noted, device variants without I2C operate with the same default settings as device variants with 12C.</caption>\n<tr><td  >DeviceNumber</td><td  >OutputCurrent</td><td  >Start-UpVoltage(2)</td><td  >VSEL Settings</td><td  > Spread Spectrum Clocking</td><td  > Soft-Start Time</td></tr>\n<tr><td  >TPS62870N1QWRXSRQ1</td><td  >6A</td><td  >0.800 V</td><td  >6.2kQ to GND</td><td></td><td></td></tr>\n<tr><td  >TPS62871N1QWRXSRQ1</td><td  >9A</td><td  >0.750V</td><td  >Short to GND</td><td></td><td></td></tr>\n<tr><td  >TPS62872N1QWRXSRQ1</td><td  >12 A</td><td  >0.875V</td><td  >Short to VIN</td><td  >On</td><td></td></tr>\n<tr><td  >TPS62873N1QWRXSRQ1</td><td  >15 A</td><td  >0.840V</td><td  >47 kQ to VIN </td><td></td><td  >1 ms</td></tr>\n<tr><td></td><td></td><td  >1.800 V</td><td  >6.2 kQ to GND</td><td></td><td></td></tr>\n<tr><td  >TPS62872N2QWRXSRQ1</td><td  >12 A</td><td  >1.500 V 1.750 V</td><td  >Short to GND Short to VIN </td><td  >Off</td><td></td></tr>\n<tr><td></td><td></td><td  >3.300 V</td><td  >47kQ to VIN</td><td></td><td></td></tr>\n</table>"", ""<table><caption> Table 9-10. Table 6-2. Devices Without I2C Interface</caption>\n<tr><td  > Device Number</td><td  >Output Current</td><td  >Start-Up Voltage(2)</td><td  >VSEL Settings</td><td  > Spread Spectrum Clocking</td><td  > Soft-Start Time</td></tr>\n<tr><td  >TPS62870N0QWRXSRQ1</td><td  >6A</td><td  >0.500 V</td><td  >6.2 kQ to GND</td><td></td><td></td></tr>\n<tr><td  >TPS62871N0QWRXSRQ1</td><td  >9A</td><td  >0.750V</td><td  > Short to GND</td><td  >On</td><td  >0.5 ms</td></tr>\n<tr><td  >TPS62872N0QWRXSRQ1</td><td  >12 A</td><td  >0.875 V</td><td  >Short to VIN </td><td></td><td></td></tr>\n<tr><td  >TPS62873N0QWRXSRQ1</td><td  >15 A</td><td  >1.050 V</td><td  >47 kQ to VIN</td><td></td><td></td></tr>\n</table>"", ""<table><caption> Table 7-1. Pin Functions (continued) I = input, O = output, P = power, GND = ground(1)</caption>\n<tr><td  >Pin</td><td></td><td></td><td></td></tr>\n<tr><td  >Name</td><td  >No.</td><td  >Type(1)</td><td  >Description</td></tr>\n<tr><td></td><td></td><td></td><td  >Internal clock output pin for synchronization in stacked mode. Leave this pin floating for single </td></tr>\n<tr><td></td><td></td><td></td><td  >device operation. Connect this pin to the MODE/SYNC pin of the next device in the daisy-chain in </td></tr>\n<tr><td  >SYNC_OUT</td><td  >14</td><td></td><td  >stacked operation. Do not use this pin to connect to a non-TPS6287x-Q1 device.  During start-up, this pin is used to identify if a device must operate as a secondary converter in</td></tr>\n<tr><td></td><td></td><td></td><td  >stacked operation. Connect a 47-kQ resistor from this pin to GND to define a secondary converter</td></tr>\n<tr><td></td><td></td><td></td><td  > in stacked operation. See Section 9.3.17 for a detailed description.</td></tr>\n<tr><td  >VSEL</td><td  >15</td><td  >一</td><td  > Start-up output voltage select pin. A resistor or short circuit to GND or Vin defines the selected output voltage. See Section 9.3.6.2.</td></tr>\n<tr><td  >FSEL</td><td  >16</td><td  >一</td><td  >Frequency select pin. A resistor or a short circuit to GND or Vin determines the free-running switching frequency. See Section 9.3.6.2.</td></tr>\n<tr><td  >Exposed Thermal Pad</td><td></td><td  >一</td><td  >The thermal pad must be soldered to GND to achieve an appropriate thermal resistance and for mechanical stability.</td></tr>\n</table>"", ""<table><caption> Figure 9-22. CONTROL1 Register</caption>\n<tr><td colspan=2 >7 6 RESET SSCEN R/W-0b R/W-0b</td><td colspan=4 >5 3 2 SWEN FPWMEN DISCHEN HICCUPEN R/W-1b R/W-0b R/W-1b R/W-0b</td><td  >VRAMP R/W-10b</td></tr>\n</table>"", ""<table><caption> Table 9-15. CONTROL2 Register Field Descriptions</caption>\n<tr><td  >Bit</td><td  >Field</td><td  >Type</td><td  >Reset</td><td  >Description</td></tr>\n<tr><td  >7-4</td><td  >RESERVED</td><td  >R</td><td  >0000b</td><td  >Reserved for future use. For compatibility with future device variants,</td></tr>\n<tr><td></td><td></td><td></td><td></td><td  >program these bits to 0.</td></tr>\n<tr><td  >3-2</td><td  >VRANGE</td><td  >R/W</td><td  >10b</td><td  >Output voltage range</td></tr>\n<tr><td></td><td></td><td></td><td></td><td  >00b = 0.4 V to 0.71875 V in 1.25-mV steps</td></tr>\n<tr><td></td><td></td><td></td><td></td><td  >01b = 0.4 V to 1.0375 V in 2.5-mV steps</td></tr>\n<tr><td></td><td></td><td></td><td></td><td  >10b = 0.4 V to 1.675 V in 5-mV steps</td></tr>\n<tr><td></td><td></td><td></td><td></td><td  >11b = 0.8 V to 3.35 V in 10-mV steps</td></tr>\n<tr><td  >1-0</td><td  >SSTIME</td><td  >R/W</td><td  >01b</td><td  >Soft-start ramp time </td></tr>\n<tr><td></td><td></td><td></td><td></td><td  >00b = 0.5 ms</td></tr>\n<tr><td></td><td></td><td></td><td></td><td  >01b = 1 ms</td></tr>\n<tr><td></td><td></td><td></td><td></td><td  >10b = 2 ms</td></tr>\n<tr><td></td><td></td><td></td><td></td><td  >11b = 4 ms</td></tr>\n</table>"", ""<table><caption> Table 9-14. CONTROL1 Register Field Descriptions</caption>\n<tr><td colspan=2 rowspan=3 >Bit Field 7 RESET SSCEN 5 SWEN 4 FPWMEN</td><td colspan=3 rowspan=3 >Type Reset Description R/W Ob Reset device Ob = No effect  1b = Resets all registers to their default values Reading this bit always returns 0. R/W Ob Spread spectrum clocking enable Ob = SSC operation disabled  1b = SSC operation enabled R/W 1b Softwareenable Ob = Switching disabled (register values retained)  1b = Switching enabled (without the enable delay) R/W Ob Forced PWM enable Ob = Power-save operation enabled  1b = Forced-PwM operation enabled This bit is logically ORed with the MODE/SYNC pin. If a high level or a synchronization clock is applied to the MODE/SYNC pin, the </td></tr>\n\n\n<tr><td  >3 2 1-0</td><td  >DISCHEN HICCUPEN VRAMP</td><td  >R/W R/W R/W</td><td  >1b Ob 10b</td><td  >device operates in forced-PWM, regardless of the state of this bit. Output discharge enable Ob = Output discharge disabled 1b = Output discharge enabled  Hiccup operation enable Ob = Hiccup operation disabled  1b = Hiccup operation enabled. Do not enable hiccup operation during stacked operation. Output voltage ramp speed when changing from one output voltage setting to another 00b = 10 mV/μs 01b = 5 mV/μs</td></tr>\n<tr><th></th><th></th><th></th><th></th><th  >10b = 1.25 mV/μs 11b = 0.5 mV/uμs</th></tr>\n</table>""]","{""original_context_count"": 20, ""original_context_characters"": 21224, ""scored_context_count"": 8, ""scored_context_characters"": 8577, ""contexts_truncated"": true, ""context_selection"": ""claim_coverage""}",failed,0.7228905897417165,0.6666666666666666,not_applicable,0.3333333333,1.0,0.0,failed,not_applicable
